#pragma once
#include "../util/types.hpp"

constexpr static array_t<cstd::byte, 2432> d3d12_pixel_shader = {
	0x44, 0x58, 0x42, 0x43, 0x20, 0x20, 0x3C, 0x2F, 0x67, 0x46, 0xA0, 0xB3, 
	0x30, 0xEB, 0x63, 0x31, 0xFE, 0x7F, 0x16, 0xB5, 0x01, 0x00, 0x00, 0x00, 
	0x80, 0x09, 0x00, 0x00, 0x06, 0x00, 0x00, 0x00, 0x38, 0x00, 0x00, 0x00, 
	0xE0, 0x02, 0x00, 0x00, 0x84, 0x03, 0x00, 0x00, 0xB8, 0x03, 0x00, 0x00, 
	0x4C, 0x08, 0x00, 0x00, 0xE8, 0x08, 0x00, 0x00, 0x52, 0x44, 0x45, 0x46, 
	0xA0, 0x02, 0x00, 0x00, 0x01, 0x00, 0x00, 0x00, 0xB8, 0x00, 0x00, 0x00, 
	0x03, 0x00, 0x00, 0x00, 0x3C, 0x00, 0x00, 0x00, 0x00, 0x05, 0xFF, 0xFF, 
	0x00, 0x01, 0x00, 0x00, 0x78, 0x02, 0x00, 0x00, 0x52, 0x44, 0x31, 0x31, 
	0x3C, 0x00, 0x00, 0x00, 0x18, 0x00, 0x00, 0x00, 0x20, 0x00, 0x00, 0x00, 
	0x28, 0x00, 0x00, 0x00, 0x24, 0x00, 0x00, 0x00, 0x0C, 0x00, 0x00, 0x00, 
	0x00, 0x00, 0x00, 0x00, 0x9C, 0x00, 0x00, 0x00, 0x03, 0x00, 0x00, 0x00, 
	0x00, 0x00, 0x00, 0x00, 0x00, 0x00, 0x00, 0x00, 0x00, 0x00, 0x00, 0x00, 
	0x00, 0x00, 0x00, 0x00, 0x01, 0x00, 0x00, 0x00, 0x01, 0x00, 0x00, 0x00, 
	0xA3, 0x00, 0x00, 0x00, 0x02, 0x00, 0x00, 0x00, 0x05, 0x00, 0x00, 0x00, 
	0x04, 0x00, 0x00, 0x00, 0xFF, 0xFF, 0xFF, 0xFF, 0x00, 0x00, 0x00, 0x00, 
	0x01, 0x00, 0x00, 0x00, 0x0D, 0x00, 0x00, 0x00, 0xA9, 0x00, 0x00, 0x00, 
	0x00, 0x00, 0x00, 0x00, 0x00, 0x00, 0x00, 0x00, 0x00, 0x00, 0x00, 0x00, 
	0x00, 0x00, 0x00, 0x00, 0x00, 0x00, 0x00, 0x00, 0x01, 0x00, 0x00, 0x00, 
	0x01, 0x00, 0x00, 0x00, 0x73, 0x61, 0x6D, 0x70, 0x6C, 0x72, 0x00, 0x74, 
	0x65, 0x78, 0x74, 0x72, 0x00, 0x63, 0x6C, 0x69, 0x70, 0x5F, 0x62, 0x75, 
	0x66, 0x66, 0x65, 0x72, 0x00, 0xAB, 0xAB, 0xAB, 0xA9, 0x00, 0x00, 0x00, 
	0x05, 0x00, 0x00, 0x00, 0xD0, 0x00, 0x00, 0x00, 0x30, 0x00, 0x00, 0x00, 
	0x00, 0x00, 0x00, 0x00, 0x00, 0x00, 0x00, 0x00, 0x98, 0x01, 0x00, 0x00, 
	0x00, 0x00, 0x00, 0x00, 0x08, 0x00, 0x00, 0x00, 0x02, 0x00, 0x00, 0x00, 
	0xA8, 0x01, 0x00, 0x00, 0x00, 0x00, 0x00, 0x00, 0xFF, 0xFF, 0xFF, 0xFF, 
	0x00, 0x00, 0x00, 0x00, 0xFF, 0xFF, 0xFF, 0xFF, 0x00, 0x00, 0x00, 0x00, 
	0xCC, 0x01, 0x00, 0x00, 0x08, 0x00, 0x00, 0x00, 0x08, 0x00, 0x00, 0x00, 
	0x02, 0x00, 0x00, 0x00, 0xA8, 0x01, 0x00, 0x00, 0x00, 0x00, 0x00, 0x00, 
	0xFF, 0xFF, 0xFF, 0xFF, 0x00, 0x00, 0x00, 0x00, 0xFF, 0xFF, 0xFF, 0xFF, 
	0x00, 0x00, 0x00, 0x00, 0xD5, 0x01, 0x00, 0x00, 0x10, 0x00, 0x00, 0x00, 
	0x10, 0x00, 0x00, 0x00, 0x02, 0x00, 0x00, 0x00, 0xE8, 0x01, 0x00, 0x00, 
	0x00, 0x00, 0x00, 0x00, 0xFF, 0xFF, 0xFF, 0xFF, 0x00, 0x00, 0x00, 0x00, 
	0xFF, 0xFF, 0xFF, 0xFF, 0x00, 0x00, 0x00, 0x00, 0x0C, 0x02, 0x00, 0x00, 
	0x20, 0x00, 0x00, 0x00, 0x04, 0x00, 0x00, 0x00, 0x02, 0x00, 0x00, 0x00, 
	0x20, 0x02, 0x00, 0x00, 0x00, 0x00, 0x00, 0x00, 0xFF, 0xFF, 0xFF, 0xFF, 
	0x00, 0x00, 0x00, 0x00, 0xFF, 0xFF, 0xFF, 0xFF, 0x00, 0x00, 0x00, 0x00, 
	0x44, 0x02, 0x00, 0x00, 0x24, 0x00, 0x00, 0x00, 0x0C, 0x00, 0x00, 0x00, 
	0x00, 0x00, 0x00, 0x00, 0x54, 0x02, 0x00, 0x00, 0x00, 0x00, 0x00, 0x00, 
	0xFF, 0xFF, 0xFF, 0xFF, 0x00, 0x00, 0x00, 0x00, 0xFF, 0xFF, 0xFF, 0xFF, 
	0x00, 0x00, 0x00, 0x00, 0x63, 0x6C, 0x69, 0x70, 0x5F, 0x6D, 0x69, 0x6E, 
	0x00, 0x66, 0x6C, 0x6F, 0x61, 0x74, 0x32, 0x00, 0x01, 0x00, 0x03, 0x00, 
	0x01, 0x00, 0x02, 0x00, 0x00, 0x00, 0x00, 0x00, 0x00, 0x00, 0x00, 0x00, 
	0x00, 0x00, 0x00, 0x00, 0x00, 0x00, 0x00, 0x00, 0x00, 0x00, 0x00, 0x00, 
	0x00, 0x00, 0x00, 0x00, 0xA1, 0x01, 0x00, 0x00, 0x63, 0x6C, 0x69, 0x70, 
	0x5F, 0x6D, 0x61, 0x78, 0x00, 0x63, 0x6C, 0x69, 0x70, 0x5F, 0x72, 0x61, 
	0x64, 0x69, 0x69, 0x00, 0x66, 0x6C, 0x6F, 0x61, 0x74, 0x34, 0x00, 0xAB, 
	0x01, 0x00, 0x03, 0x00, 0x01, 0x00, 0x04, 0x00, 0x00, 0x00, 0x00, 0x00, 
	0x00, 0x00, 0x00, 0x00, 0x00, 0x00, 0x00, 0x00, 0x00, 0x00, 0x00, 0x00, 
	0x00, 0x00, 0x00, 0x00, 0x00, 0x00, 0x00, 0x00, 0xE0, 0x01, 0x00, 0x00, 
	0x63, 0x6C, 0x69, 0x70, 0x5F, 0x65, 0x6E, 0x61, 0x62, 0x6C, 0x65, 0x64, 
	0x00, 0x66, 0x6C, 0x6F, 0x61, 0x74, 0x00, 0xAB, 0x00, 0x00, 0x03, 0x00, 
	0x01, 0x00, 0x01, 0x00, 0x00, 0x00, 0x00, 0x00, 0x00, 0x00, 0x00, 0x00, 
	0x00, 0x00, 0x00, 0x00, 0x00, 0x00, 0x00, 0x00, 0x00, 0x00, 0x00, 0x00, 
	0x00, 0x00, 0x00, 0x00, 0x19, 0x02, 0x00, 0x00, 0x5F, 0x70, 0x61, 0x64, 
	0x64, 0x69, 0x6E, 0x67, 0x00, 0x66, 0x6C, 0x6F, 0x61, 0x74, 0x33, 0x00, 
	0x01, 0x00, 0x03, 0x00, 0x01, 0x00, 0x03, 0x00, 0x00, 0x00, 0x00, 0x00, 
	0x00, 0x00, 0x00, 0x00, 0x00, 0x00, 0x00, 0x00, 0x00, 0x00, 0x00, 0x00, 
	0x00, 0x00, 0x00, 0x00, 0x00, 0x00, 0x00, 0x00, 0x4D, 0x02, 0x00, 0x00, 
	0x4D, 0x69, 0x63, 0x72, 0x6F, 0x73, 0x6F, 0x66, 0x74, 0x20, 0x28, 0x52, 
	0x29, 0x20, 0x48, 0x4C, 0x53, 0x4C, 0x20, 0x53, 0x68, 0x61, 0x64, 0x65, 
	0x72, 0x20, 0x43, 0x6F, 0x6D, 0x70, 0x69, 0x6C, 0x65, 0x72, 0x20, 0x31, 
	0x30, 0x2E, 0x31, 0x00, 0x49, 0x53, 0x47, 0x4E, 0x9C, 0x00, 0x00, 0x00, 
	0x05, 0x00, 0x00, 0x00, 0x08, 0x00, 0x00, 0x00, 0x80, 0x00, 0x00, 0x00, 
	0x00, 0x00, 0x00, 0x00, 0x01, 0x00, 0x00, 0x00, 0x03, 0x00, 0x00, 0x00, 
	0x00, 0x00, 0x00, 0x00, 0x0F, 0x03, 0x00, 0x00, 0x8C, 0x00, 0x00, 0x00, 
	0x00, 0x00, 0x00, 0x00, 0x00, 0x00, 0x00, 0x00, 0x03, 0x00, 0x00, 0x00, 
	0x01, 0x00, 0x00, 0x00, 0x0F, 0x0F, 0x00, 0x00, 0x92, 0x00, 0x00, 0x00, 
	0x00, 0x00, 0x00, 0x00, 0x00, 0x00, 0x00, 0x00, 0x03, 0x00, 0x00, 0x00, 
	0x02, 0x00, 0x00, 0x00, 0x03, 0x03, 0x00, 0x00, 0x92, 0x00, 0x00, 0x00, 
	0x01, 0x00, 0x00, 0x00, 0x00, 0x00, 0x00, 0x00, 0x03, 0x00, 0x00, 0x00, 
	0x03, 0x00, 0x00, 0x00, 0x0F, 0x00, 0x00, 0x00, 0x92, 0x00, 0x00, 0x00, 
	0x02, 0x00, 0x00, 0x00, 0x00, 0x00, 0x00, 0x00, 0x03, 0x00, 0x00, 0x00, 
	0x04, 0x00, 0x00, 0x00, 0x0F, 0x00, 0x00, 0x00, 0x53, 0x56, 0x5F, 0x50, 
	0x4F, 0x53, 0x49, 0x54, 0x49, 0x4F, 0x4E, 0x00, 0x43, 0x4F, 0x4C, 0x4F, 
	0x52, 0x00, 0x54, 0x45, 0x58, 0x43, 0x4F, 0x4F, 0x52, 0x44, 0x00, 0xAB, 
	0x4F, 0x53, 0x47, 0x4E, 0x2C, 0x00, 0x00, 0x00, 0x01, 0x00, 0x00, 0x00, 
	0x08, 0x00, 0x00, 0x00, 0x20, 0x00, 0x00, 0x00, 0x00, 0x00, 0x00, 0x00, 
	0x00, 0x00, 0x00, 0x00, 0x03, 0x00, 0x00, 0x00, 0x00, 0x00, 0x00, 0x00, 
	0x0F, 0x00, 0x00, 0x00, 0x53, 0x56, 0x5F, 0x54, 0x41, 0x52, 0x47, 0x45, 
	0x54, 0x00, 0xAB, 0xAB, 0x53, 0x48, 0x45, 0x58, 0x8C, 0x04, 0x00, 0x00, 
	0x50, 0x00, 0x00, 0x00, 0x23, 0x01, 0x00, 0x00, 0x6A, 0x08, 0x00, 0x01, 
	0x59, 0x00, 0x00, 0x04, 0x46, 0x8E, 0x20, 0x00, 0x00, 0x00, 0x00, 0x00, 
	0x03, 0x00, 0x00, 0x00, 0x5A, 0x00, 0x00, 0x03, 0x00, 0x60, 0x10, 0x00, 
	0x00, 0x00, 0x00, 0x00, 0x58, 0x18, 0x00, 0x04, 0x00, 0x70, 0x10, 0x00, 
	0x00, 0x00, 0x00, 0x00, 0x55, 0x55, 0x00, 0x00, 0x64, 0x20, 0x00, 0x04, 
	0x32, 0x10, 0x10, 0x00, 0x00, 0x00, 0x00, 0x00, 0x01, 0x00, 0x00, 0x00, 
	0x62, 0x10, 0x00, 0x03, 0xF2, 0x10, 0x10, 0x00, 0x01, 0x00, 0x00, 0x00, 
	0x62, 0x10, 0x00, 0x03, 0x32, 0x10, 0x10, 0x00, 0x02, 0x00, 0x00, 0x00, 
	0x65, 0x00, 0x00, 0x03, 0xF2, 0x20, 0x10, 0x00, 0x00, 0x00, 0x00, 0x00, 
	0x68, 0x00, 0x00, 0x02, 0x03, 0x00, 0x00, 0x00, 0x00, 0x00, 0x00, 0x0A, 
	0x32, 0x00, 0x10, 0x00, 0x00, 0x00, 0x00, 0x00, 0x46, 0x80, 0x20, 0x80, 
	0x41, 0x00, 0x00, 0x00, 0x00, 0x00, 0x00, 0x00, 0x00, 0x00, 0x00, 0x00, 
	0xE6, 0x8A, 0x20, 0x00, 0x00, 0x00, 0x00, 0x00, 0x00, 0x00, 0x00, 0x00, 
	0x38, 0x00, 0x00, 0x0A, 0xC2, 0x00, 0x10, 0x00, 0x00, 0x00, 0x00, 0x00, 
	0x06, 0x04, 0x10, 0x00, 0x00, 0x00, 0x00, 0x00, 0x02, 0x40, 0x00, 0x00, 
	0x00, 0x00, 0x00, 0x00, 0x00, 0x00, 0x00, 0x00, 0x00, 0x00, 0x00, 0x3F, 
	0x00, 0x00, 0x00, 0x3F, 0x33, 0x00, 0x00, 0x07, 0x42, 0x00, 0x10, 0x00, 
	0x00, 0x00, 0x00, 0x00, 0x3A, 0x00, 0x10, 0x00, 0x00, 0x00, 0x00, 0x00, 
	0x2A, 0x00, 0x10, 0x00, 0x00, 0x00, 0x00, 0x00, 0x33, 0x00, 0x00, 0x08, 
	0xF2, 0x00, 0x10, 0x00, 0x01, 0x00, 0x00, 0x00, 0xA6, 0x0A, 0x10, 0x00, 
	0x00, 0x00, 0x00, 0x00, 0x46, 0x8E, 0x20, 0x00, 0x00, 0x00, 0x00, 0x00, 
	0x01, 0x00, 0x00, 0x00, 0x00, 0x00, 0x00, 0x08, 0xC2, 0x00, 0x10, 0x00, 
	0x00, 0x00, 0x00, 0x00, 0xF6, 0x0B, 0x10, 0x80, 0x41, 0x00, 0x00, 0x00, 
	0x01, 0x00, 0x00, 0x00, 0x06, 0x04, 0x10, 0x00, 0x01, 0x00, 0x00, 0x00, 
	0x00, 0x00, 0x00, 0x09, 0x32, 0x00, 0x10, 0x00, 0x01, 0x00, 0x00, 0x00, 
	0xE6, 0x8A, 0x20, 0x00, 0x00, 0x00, 0x00, 0x00, 0x00, 0x00, 0x00, 0x00, 
	0x46, 0x80, 0x20, 0x00, 0x00, 0x00, 0x00, 0x00, 0x00, 0x00, 0x00, 0x00, 
	0x32, 0x00, 0x00, 0x0D, 0x32, 0x00, 0x10, 0x00, 0x01, 0x00, 0x00, 0x00, 
	0x46, 0x00, 0x10, 0x80, 0x41, 0x00, 0x00, 0x00, 0x01, 0x00, 0x00, 0x00, 
	0x02, 0x40, 0x00, 0x00, 0x00, 0x00, 0x00, 0x3F, 0x00, 0x00, 0x00, 0x3F, 
	0x00, 0x00, 0x00, 0x00, 0x00, 0x00, 0x00, 0x00, 0x46, 0x10, 0x10, 0x00, 
	0x00, 0x00, 0x00, 0x00, 0x1D, 0x00, 0x00, 0x0A, 0x32, 0x00, 0x10, 0x00, 
	0x02, 0x00, 0x00, 0x00, 0x46, 0x00, 0x10, 0x00, 0x01, 0x00, 0x00, 0x00, 
	0x02, 0x40, 0x00, 0x00, 0x00, 0x00, 0x00, 0x00, 0x00, 0x00, 0x00, 0x00, 
	0x00, 0x00, 0x00, 0x00, 0x00, 0x00, 0x00, 0x00, 0x32, 0x00, 0x00, 0x0E, 
	0x32, 0x00, 0x10, 0x00, 0x00, 0x00, 0x00, 0x00, 0x46, 0x00, 0x10, 0x80, 
	0x41, 0x00, 0x00, 0x00, 0x00, 0x00, 0x00, 0x00, 0x02, 0x40, 0x00, 0x00, 
	0x00, 0x00, 0x00, 0x3F, 0x00, 0x00, 0x00, 0x3F, 0x00, 0x00, 0x00, 0x00, 
	0x00, 0x00, 0x00, 0x00, 0x46, 0x00, 0x10, 0x80, 0x81, 0x00, 0x00, 0x00, 
	0x01, 0x00, 0x00, 0x00, 0x01, 0x00, 0x00, 0x0A, 0x32, 0x00, 0x10, 0x00, 
	0x01, 0x00, 0x00, 0x00, 0x46, 0x00, 0x10, 0x00, 0x02, 0x00, 0x00, 0x00, 
	0x02, 0x40, 0x00, 0x00, 0x00, 0x00, 0x80, 0x3F, 0x00, 0x00, 0x80, 0x3F, 
	0x00, 0x00, 0x00, 0x00, 0x00, 0x00, 0x00, 0x00, 0x32, 0x00, 0x00, 0x09, 
	0xC2, 0x00, 0x10, 0x00, 0x00, 0x00, 0x00, 0x00, 0x06, 0x00, 0x10, 0x00, 
	0x01, 0x00, 0x00, 0x00, 0xA6, 0x0E, 0x10, 0x00, 0x00, 0x00, 0x00, 0x00, 
	0xF6, 0x0B, 0x10, 0x00, 0x01, 0x00, 0x00, 0x00, 0x00, 0x00, 0x00, 0x08, 
	0x82, 0x00, 0x10, 0x00, 0x00, 0x00, 0x00, 0x00, 0x2A, 0x00, 0x10, 0x80, 
	0x41, 0x00, 0x00, 0x00, 0x00, 0x00, 0x00, 0x00, 0x3A, 0x00, 0x10, 0x00, 
	0x00, 0x00, 0x00, 0x00, 0x32, 0x00, 0x00, 0x09, 0x42, 0x00, 0x10, 0x00, 
	0x00, 0x00, 0x00, 0x00, 0x1A, 0x00, 0x10, 0x00, 0x01, 0x00, 0x00, 0x00, 
	0x3A, 0x00, 0x10, 0x00, 0x00, 0x00, 0x00, 0x00, 0x2A, 0x00, 0x10, 0x00, 
	0x00, 0x00, 0x00, 0x00, 0x00, 0x00, 0x00, 0x07, 0x32, 0x00, 0x10, 0x00, 
	0x01, 0x00, 0x00, 0x00, 0xA6, 0x0A, 0x10, 0x00, 0x00, 0x00, 0x00, 0x00, 
	0x46, 0x00, 0x10, 0x00, 0x00, 0x00, 0x00, 0x00, 0x34, 0x00, 0x00, 0x07, 
	0x12, 0x00, 0x10, 0x00, 0x00, 0x00, 0x00, 0x00, 0x1A, 0x00, 0x10, 0x00, 
	0x00, 0x00, 0x00, 0x00, 0x0A, 0x00, 0x10, 0x00, 0x00, 0x00, 0x00, 0x00, 
	0x34, 0x00, 0x00, 0x0A, 0xA2, 0x00, 0x10, 0x00, 0x00, 0x00, 0x00, 0x00, 
	0x06, 0x04, 0x10, 0x00, 0x01, 0x00, 0x00, 0x00, 0x02, 0x40, 0x00, 0x00, 
	0x00, 0x00, 0x00, 0x00, 0x00, 0x00, 0x00, 0x00, 0x00, 0x00, 0x00, 0x00, 
	0x00, 0x00, 0x00, 0x00, 0x34, 0x00, 0x00, 0x07, 0x12, 0x00, 0x10, 0x00, 
	0x01, 0x00, 0x00, 0x00, 0x1A, 0x00, 0x10, 0x00, 0x01, 0x00, 0x00, 0x00, 
	0x0A, 0x00, 0x10, 0x00, 0x01, 0x00, 0x00, 0x00, 0x33, 0x00, 0x00, 0x07, 
	0x12, 0x00, 0x10, 0x00, 0x01, 0x00, 0x00, 0x00, 0x0A, 0x00, 0x10, 0x00, 
	0x01, 0x00, 0x00, 0x00, 0x01, 0x40, 0x00, 0x00, 0x00, 0x00, 0x00, 0x00, 
	0x0F, 0x00, 0x00, 0x07, 0x22, 0x00, 0x10, 0x00, 0x00, 0x00, 0x00, 0x00, 
	0xD6, 0x05, 0x10, 0x00, 0x00, 0x00, 0x00, 0x00, 0xD6, 0x05, 0x10, 0x00, 
	0x00, 0x00, 0x00, 0x00, 0x4B, 0x00, 0x00, 0x05, 0x22, 0x00, 0x10, 0x00, 
	0x00, 0x00, 0x00, 0x00, 0x1A, 0x00, 0x10, 0x00, 0x00, 0x00, 0x00, 0x00, 
	0x00, 0x00, 0x00, 0x07, 0x22, 0x00, 0x10, 0x00, 0x00, 0x00, 0x00, 0x00, 
	0x1A, 0x00, 0x10, 0x00, 0x00, 0x00, 0x00, 0x00, 0x0A, 0x00, 0x10, 0x00, 
	0x01, 0x00, 0x00, 0x00, 0x00, 0x00, 0x00, 0x08, 0x22, 0x00, 0x10, 0x00, 
	0x00, 0x00, 0x00, 0x00, 0x2A, 0x00, 0x10, 0x80, 0x41, 0x00, 0x00, 0x00, 
	0x00, 0x00, 0x00, 0x00, 0x1A, 0x00, 0x10, 0x00, 0x00, 0x00, 0x00, 0x00, 
	0x31, 0x00, 0x00, 0x07, 0x42, 0x00, 0x10, 0x00, 0x00, 0x00, 0x00, 0x00, 
	0x01, 0x40, 0x00, 0x00, 0x6F, 0x12, 0x83, 0x3A, 0x2A, 0x00, 0x10, 0x00, 
	0x00, 0x00, 0x00, 0x00, 0x37, 0x00, 0x00, 0x09, 0x12, 0x00, 0x10, 0x00, 
	0x00, 0x00, 0x00, 0x00, 0x2A, 0x00, 0x10, 0x00, 0x00, 0x00, 0x00, 0x00, 
	0x1A, 0x00, 0x10, 0x00, 0x00, 0x00, 0x00, 0x00, 0x0A, 0x00, 0x10, 0x00, 
	0x00, 0x00, 0x00, 0x00, 0x00, 0x20, 0x00, 0x08, 0x12, 0x00, 0x10, 0x00, 
	0x00, 0x00, 0x00, 0x00, 0x0A, 0x00, 0x10, 0x80, 0x41, 0x00, 0x00, 0x00, 
	0x00, 0x00, 0x00, 0x00, 0x01, 0x40, 0x00, 0x00, 0x00, 0x00, 0x00, 0x3F, 
	0x1D, 0x00, 0x00, 0x08, 0x22, 0x00, 0x10, 0x00, 0x00, 0x00, 0x00, 0x00, 
	0x0A, 0x80, 0x20, 0x00, 0x00, 0x00, 0x00, 0x00, 0x02, 0x00, 0x00, 0x00, 
	0x01, 0x40, 0x00, 0x00, 0x00, 0x00, 0x00, 0x3F, 0x37, 0x00, 0x00, 0x09, 
	0x12, 0x00, 0x10, 0x00, 0x00, 0x00, 0x00, 0x00, 0x1A, 0x00, 0x10, 0x00, 
	0x00, 0x00, 0x00, 0x00, 0x0A, 0x00, 0x10, 0x00, 0x00, 0x00, 0x00, 0x00, 
	0x01, 0x40, 0x00, 0x00, 0x00, 0x00, 0x80, 0x3F, 0x45, 0x00, 0x00, 0x8B, 
	0xC2, 0x00, 0x00, 0x80, 0x43, 0x55, 0x15, 0x00, 0xF2, 0x00, 0x10, 0x00, 
	0x01, 0x00, 0x00, 0x00, 0x46, 0x10, 0x10, 0x00, 0x02, 0x00, 0x00, 0x00, 
	0x46, 0x7E, 0x10, 0x00, 0x00, 0x00, 0x00, 0x00, 0x00, 0x60, 0x10, 0x00, 
	0x00, 0x00, 0x00, 0x00, 0x38, 0x00, 0x00, 0x07, 0xF2, 0x00, 0x10, 0x00, 
	0x01, 0x00, 0x00, 0x00, 0x46, 0x0E, 0x10, 0x00, 0x01, 0x00, 0x00, 0x00, 
	0x46, 0x1E, 0x10, 0x00, 0x01, 0x00, 0x00, 0x00, 0x38, 0x00, 0x00, 0x07, 
	0x82, 0x20, 0x10, 0x00, 0x00, 0x00, 0x00, 0x00, 0x0A, 0x00, 0x10, 0x00, 
	0x00, 0x00, 0x00, 0x00, 0x3A, 0x00, 0x10, 0x00, 0x01, 0x00, 0x00, 0x00, 
	0x36, 0x00, 0x00, 0x05, 0x72, 0x20, 0x10, 0x00, 0x00, 0x00, 0x00, 0x00, 
	0x46, 0x02, 0x10, 0x00, 0x01, 0x00, 0x00, 0x00, 0x3E, 0x00, 0x00, 0x01, 
	0x53, 0x54, 0x41, 0x54, 0x94, 0x00, 0x00, 0x00, 0x20, 0x00, 0x00, 0x00, 
	0x03, 0x00, 0x00, 0x00, 0x00, 0x00, 0x00, 0x00, 0x04, 0x00, 0x00, 0x00, 
	0x1A, 0x00, 0x00, 0x00, 0x00, 0x00, 0x00, 0x00, 0x01, 0x00, 0x00, 0x00, 
	0x01, 0x00, 0x00, 0x00, 0x00, 0x00, 0x00, 0x00, 0x00, 0x00, 0x00, 0x00, 
	0x00, 0x00, 0x00, 0x00, 0x00, 0x00, 0x00, 0x00, 0x00, 0x00, 0x00, 0x00, 
	0x00, 0x00, 0x00, 0x00, 0x01, 0x00, 0x00, 0x00, 0x00, 0x00, 0x00, 0x00, 
	0x00, 0x00, 0x00, 0x00, 0x00, 0x00, 0x00, 0x00, 0x00, 0x00, 0x00, 0x00, 
	0x01, 0x00, 0x00, 0x00, 0x02, 0x00, 0x00, 0x00, 0x00, 0x00, 0x00, 0x00, 
	0x00, 0x00, 0x00, 0x00, 0x00, 0x00, 0x00, 0x00, 0x00, 0x00, 0x00, 0x00, 
	0x00, 0x00, 0x00, 0x00, 0x00, 0x00, 0x00, 0x00, 0x00, 0x00, 0x00, 0x00, 
	0x00, 0x00, 0x00, 0x00, 0x00, 0x00, 0x00, 0x00, 0x00, 0x00, 0x00, 0x00, 
	0x00, 0x00, 0x00, 0x00, 0x00, 0x00, 0x00, 0x00, 0x00, 0x00, 0x00, 0x00, 
	0x00, 0x00, 0x00, 0x00, 0x00, 0x00, 0x00, 0x00, 0x00, 0x00, 0x00, 0x00, 
	0x52, 0x54, 0x53, 0x30, 0x90, 0x00, 0x00, 0x00, 0x02, 0x00, 0x00, 0x00, 
	0x02, 0x00, 0x00, 0x00, 0x18, 0x00, 0x00, 0x00, 0x01, 0x00, 0x00, 0x00, 
	0x5C, 0x00, 0x00, 0x00, 0x01, 0x00, 0x00, 0x00, 0x01, 0x00, 0x00, 0x00, 
	0x05, 0x00, 0x00, 0x00, 0x30, 0x00, 0x00, 0x00, 0x00, 0x00, 0x00, 0x00, 
	0x05, 0x00, 0x00, 0x00, 0x3C, 0x00, 0x00, 0x00, 0x00, 0x00, 0x00, 0x00, 
	0x00, 0x00, 0x00, 0x00, 0x0C, 0x00, 0x00, 0x00, 0x01, 0x00, 0x00, 0x00, 
	0x44, 0x00, 0x00, 0x00, 0x00, 0x00, 0x00, 0x00, 0x01, 0x00, 0x00, 0x00, 
	0x00, 0x00, 0x00, 0x00, 0x00, 0x00, 0x00, 0x00, 0x00, 0x00, 0x00, 0x00, 
	0xFF, 0xFF, 0xFF, 0xFF, 0x15, 0x00, 0x00, 0x00, 0x03, 0x00, 0x00, 0x00, 
	0x03, 0x00, 0x00, 0x00, 0x03, 0x00, 0x00, 0x00, 0x00, 0x00, 0x00, 0x00, 
	0x10, 0x00, 0x00, 0x00, 0x04, 0x00, 0x00, 0x00, 0x02, 0x00, 0x00, 0x00, 
	0x00, 0x00, 0x00, 0x00, 0xFF, 0xFF, 0x7F, 0x7F, 0x00, 0x00, 0x00, 0x00, 
	0x00, 0x00, 0x00, 0x00, 0x05, 0x00, 0x00, 0x00
};

constexpr static array_t<cstd::byte, 1076> d3d12_vertex_shader = {
	0x44, 0x58, 0x42, 0x43, 0x9F, 0x80, 0x48, 0x0F, 0x10, 0x4C, 0x8B, 0x63, 
	0x6F, 0x68, 0xDE, 0x56, 0x17, 0x19, 0xE9, 0x7C, 0x01, 0x00, 0x00, 0x00, 
	0x34, 0x04, 0x00, 0x00, 0x06, 0x00, 0x00, 0x00, 0x38, 0x00, 0x00, 0x00, 
	0xA4, 0x00, 0x00, 0x00, 0x44, 0x01, 0x00, 0x00, 0xE8, 0x01, 0x00, 0x00, 
	0x00, 0x03, 0x00, 0x00, 0x9C, 0x03, 0x00, 0x00, 0x52, 0x44, 0x45, 0x46, 
	0x64, 0x00, 0x00, 0x00, 0x00, 0x00, 0x00, 0x00, 0x00, 0x00, 0x00, 0x00, 
	0x00, 0x00, 0x00, 0x00, 0x3C, 0x00, 0x00, 0x00, 0x00, 0x05, 0xFE, 0xFF, 
	0x00, 0x01, 0x00, 0x00, 0x3C, 0x00, 0x00, 0x00, 0x52, 0x44, 0x31, 0x31, 
	0x3C, 0x00, 0x00, 0x00, 0x18, 0x00, 0x00, 0x00, 0x20, 0x00, 0x00, 0x00, 
	0x28, 0x00, 0x00, 0x00, 0x24, 0x00, 0x00, 0x00, 0x0C, 0x00, 0x00, 0x00, 
	0x00, 0x00, 0x00, 0x00, 0x4D, 0x69, 0x63, 0x72, 0x6F, 0x73, 0x6F, 0x66, 
	0x74, 0x20, 0x28, 0x52, 0x29, 0x20, 0x48, 0x4C, 0x53, 0x4C, 0x20, 0x53, 
	0x68, 0x61, 0x64, 0x65, 0x72, 0x20, 0x43, 0x6F, 0x6D, 0x70, 0x69, 0x6C, 
	0x65, 0x72, 0x20, 0x31, 0x30, 0x2E, 0x31, 0x00, 0x49, 0x53, 0x47, 0x4E, 
	0x98, 0x00, 0x00, 0x00, 0x05, 0x00, 0x00, 0x00, 0x08, 0x00, 0x00, 0x00, 
	0x80, 0x00, 0x00, 0x00, 0x00, 0x00, 0x00, 0x00, 0x00, 0x00, 0x00, 0x00, 
	0x03, 0x00, 0x00, 0x00, 0x00, 0x00, 0x00, 0x00, 0x03, 0x03, 0x00, 0x00, 
	0x89, 0x00, 0x00, 0x00, 0x00, 0x00, 0x00, 0x00, 0x00, 0x00, 0x00, 0x00, 
	0x03, 0x00, 0x00, 0x00, 0x01, 0x00, 0x00, 0x00, 0x0F, 0x0F, 0x00, 0x00, 
	0x8F, 0x00, 0x00, 0x00, 0x00, 0x00, 0x00, 0x00, 0x00, 0x00, 0x00, 0x00, 
	0x03, 0x00, 0x00, 0x00, 0x02, 0x00, 0x00, 0x00, 0x03, 0x03, 0x00, 0x00, 
	0x8F, 0x00, 0x00, 0x00, 0x01, 0x00, 0x00, 0x00, 0x00, 0x00, 0x00, 0x00, 
	0x03, 0x00, 0x00, 0x00, 0x03, 0x00, 0x00, 0x00, 0x0F, 0x0F, 0x00, 0x00, 
	0x8F, 0x00, 0x00, 0x00, 0x02, 0x00, 0x00, 0x00, 0x00, 0x00, 0x00, 0x00, 
	0x03, 0x00, 0x00, 0x00, 0x04, 0x00, 0x00, 0x00, 0x0F, 0x0F, 0x00, 0x00, 
	0x50, 0x4F, 0x53, 0x49, 0x54, 0x49, 0x4F, 0x4E, 0x00, 0x43, 0x4F, 0x4C, 
	0x4F, 0x52, 0x00, 0x54, 0x45, 0x58, 0x43, 0x4F, 0x4F, 0x52, 0x44, 0x00, 
	0x4F, 0x53, 0x47, 0x4E, 0x9C, 0x00, 0x00, 0x00, 0x05, 0x00, 0x00, 0x00, 
	0x08, 0x00, 0x00, 0x00, 0x80, 0x00, 0x00, 0x00, 0x00, 0x00, 0x00, 0x00, 
	0x01, 0x00, 0x00, 0x00, 0x03, 0x00, 0x00, 0x00, 0x00, 0x00, 0x00, 0x00, 
	0x0F, 0x00, 0x00, 0x00, 0x8C, 0x00, 0x00, 0x00, 0x00, 0x00, 0x00, 0x00, 
	0x00, 0x00, 0x00, 0x00, 0x03, 0x00, 0x00, 0x00, 0x01, 0x00, 0x00, 0x00, 
	0x0F, 0x00, 0x00, 0x00, 0x92, 0x00, 0x00, 0x00, 0x00, 0x00, 0x00, 0x00, 
	0x00, 0x00, 0x00, 0x00, 0x03, 0x00, 0x00, 0x00, 0x02, 0x00, 0x00, 0x00, 
	0x03, 0x0C, 0x00, 0x00, 0x92, 0x00, 0x00, 0x00, 0x01, 0x00, 0x00, 0x00, 
	0x00, 0x00, 0x00, 0x00, 0x03, 0x00, 0x00, 0x00, 0x03, 0x00, 0x00, 0x00, 
	0x0F, 0x00, 0x00, 0x00, 0x92, 0x00, 0x00, 0x00, 0x02, 0x00, 0x00, 0x00, 
	0x00, 0x00, 0x00, 0x00, 0x03, 0x00, 0x00, 0x00, 0x04, 0x00, 0x00, 0x00, 
	0x0F, 0x00, 0x00, 0x00, 0x53, 0x56, 0x5F, 0x50, 0x4F, 0x53, 0x49, 0x54, 
	0x49, 0x4F, 0x4E, 0x00, 0x43, 0x4F, 0x4C, 0x4F, 0x52, 0x00, 0x54, 0x45, 
	0x58, 0x43, 0x4F, 0x4F, 0x52, 0x44, 0x00, 0xAB, 0x53, 0x48, 0x45, 0x58, 
	0x10, 0x01, 0x00, 0x00, 0x50, 0x00, 0x01, 0x00, 0x44, 0x00, 0x00, 0x00, 
	0x6A, 0x08, 0x00, 0x01, 0x5F, 0x00, 0x00, 0x03, 0x32, 0x10, 0x10, 0x00, 
	0x00, 0x00, 0x00, 0x00, 0x5F, 0x00, 0x00, 0x03, 0xF2, 0x10, 0x10, 0x00, 
	0x01, 0x00, 0x00, 0x00, 0x5F, 0x00, 0x00, 0x03, 0x32, 0x10, 0x10, 0x00, 
	0x02, 0x00, 0x00, 0x00, 0x5F, 0x00, 0x00, 0x03, 0xF2, 0x10, 0x10, 0x00, 
	0x03, 0x00, 0x00, 0x00, 0x5F, 0x00, 0x00, 0x03, 0xF2, 0x10, 0x10, 0x00, 
	0x04, 0x00, 0x00, 0x00, 0x67, 0x00, 0x00, 0x04, 0xF2, 0x20, 0x10, 0x00, 
	0x00, 0x00, 0x00, 0x00, 0x01, 0x00, 0x00, 0x00, 0x65, 0x00, 0x00, 0x03, 
	0xF2, 0x20, 0x10, 0x00, 0x01, 0x00, 0x00, 0x00, 0x65, 0x00, 0x00, 0x03, 
	0x32, 0x20, 0x10, 0x00, 0x02, 0x00, 0x00, 0x00, 0x65, 0x00, 0x00, 0x03, 
	0xF2, 0x20, 0x10, 0x00, 0x03, 0x00, 0x00, 0x00, 0x65, 0x00, 0x00, 0x03, 
	0xF2, 0x20, 0x10, 0x00, 0x04, 0x00, 0x00, 0x00, 0x36, 0x00, 0x00, 0x05, 
	0x32, 0x20, 0x10, 0x00, 0x00, 0x00, 0x00, 0x00, 0x46, 0x10, 0x10, 0x00, 
	0x00, 0x00, 0x00, 0x00, 0x36, 0x00, 0x00, 0x08, 0xC2, 0x20, 0x10, 0x00, 
	0x00, 0x00, 0x00, 0x00, 0x02, 0x40, 0x00, 0x00, 0x00, 0x00, 0x00, 0x00, 
	0x00, 0x00, 0x00, 0x00, 0x00, 0x00, 0x00, 0x00, 0x00, 0x00, 0x80, 0x3F, 
	0x36, 0x00, 0x00, 0x05, 0xF2, 0x20, 0x10, 0x00, 0x01, 0x00, 0x00, 0x00, 
	0x46, 0x1E, 0x10, 0x00, 0x01, 0x00, 0x00, 0x00, 0x36, 0x00, 0x00, 0x05, 
	0x32, 0x20, 0x10, 0x00, 0x02, 0x00, 0x00, 0x00, 0x46, 0x10, 0x10, 0x00, 
	0x02, 0x00, 0x00, 0x00, 0x36, 0x00, 0x00, 0x05, 0xF2, 0x20, 0x10, 0x00, 
	0x03, 0x00, 0x00, 0x00, 0x46, 0x1E, 0x10, 0x00, 0x03, 0x00, 0x00, 0x00, 
	0x36, 0x00, 0x00, 0x05, 0xF2, 0x20, 0x10, 0x00, 0x04, 0x00, 0x00, 0x00, 
	0x46, 0x1E, 0x10, 0x00, 0x04, 0x00, 0x00, 0x00, 0x3E, 0x00, 0x00, 0x01, 
	0x53, 0x54, 0x41, 0x54, 0x94, 0x00, 0x00, 0x00, 0x07, 0x00, 0x00, 0x00, 
	0x00, 0x00, 0x00, 0x00, 0x00, 0x00, 0x00, 0x00, 0x0A, 0x00, 0x00, 0x00, 
	0x00, 0x00, 0x00, 0x00, 0x00, 0x00, 0x00, 0x00, 0x00, 0x00, 0x00, 0x00, 
	0x01, 0x00, 0x00, 0x00, 0x00, 0x00, 0x00, 0x00, 0x00, 0x00, 0x00, 0x00, 
	0x00, 0x00, 0x00, 0x00, 0x00, 0x00, 0x00, 0x00, 0x00, 0x00, 0x00, 0x00, 
	0x00, 0x00, 0x00, 0x00, 0x00, 0x00, 0x00, 0x00, 0x00, 0x00, 0x00, 0x00, 
	0x00, 0x00, 0x00, 0x00, 0x00, 0x00, 0x00, 0x00, 0x00, 0x00, 0x00, 0x00, 
	0x06, 0x00, 0x00, 0x00, 0x00, 0x00, 0x00, 0x00, 0x00, 0x00, 0x00, 0x00, 
	0x00, 0x00, 0x00, 0x00, 0x00, 0x00, 0x00, 0x00, 0x00, 0x00, 0x00, 0x00, 
	0x00, 0x00, 0x00, 0x00, 0x00, 0x00, 0x00, 0x00, 0x00, 0x00, 0x00, 0x00, 
	0x00, 0x00, 0x00, 0x00, 0x00, 0x00, 0x00, 0x00, 0x00, 0x00, 0x00, 0x00, 
	0x00, 0x00, 0x00, 0x00, 0x00, 0x00, 0x00, 0x00, 0x00, 0x00, 0x00, 0x00, 
	0x00, 0x00, 0x00, 0x00, 0x00, 0x00, 0x00, 0x00, 0x00, 0x00, 0x00, 0x00, 
	0x52, 0x54, 0x53, 0x30, 0x90, 0x00, 0x00, 0x00, 0x02, 0x00, 0x00, 0x00, 
	0x02, 0x00, 0x00, 0x00, 0x18, 0x00, 0x00, 0x00, 0x01, 0x00, 0x00, 0x00, 
	0x5C, 0x00, 0x00, 0x00, 0x01, 0x00, 0x00, 0x00, 0x01, 0x00, 0x00, 0x00, 
	0x05, 0x00, 0x00, 0x00, 0x30, 0x00, 0x00, 0x00, 0x00, 0x00, 0x00, 0x00, 
	0x05, 0x00, 0x00, 0x00, 0x3C, 0x00, 0x00, 0x00, 0x00, 0x00, 0x00, 0x00, 
	0x00, 0x00, 0x00, 0x00, 0x0C, 0x00, 0x00, 0x00, 0x01, 0x00, 0x00, 0x00, 
	0x44, 0x00, 0x00, 0x00, 0x00, 0x00, 0x00, 0x00, 0x01, 0x00, 0x00, 0x00, 
	0x00, 0x00, 0x00, 0x00, 0x00, 0x00, 0x00, 0x00, 0x00, 0x00, 0x00, 0x00, 
	0xFF, 0xFF, 0xFF, 0xFF, 0x15, 0x00, 0x00, 0x00, 0x03, 0x00, 0x00, 0x00, 
	0x03, 0x00, 0x00, 0x00, 0x03, 0x00, 0x00, 0x00, 0x00, 0x00, 0x00, 0x00, 
	0x10, 0x00, 0x00, 0x00, 0x04, 0x00, 0x00, 0x00, 0x02, 0x00, 0x00, 0x00, 
	0x00, 0x00, 0x00, 0x00, 0xFF, 0xFF, 0x7F, 0x7F, 0x00, 0x00, 0x00, 0x00, 
	0x00, 0x00, 0x00, 0x00, 0x05, 0x00, 0x00, 0x00
};

constexpr static array_t<cstd::byte, 3316> d3d12_shadow_pixel_shader = {
	0x44, 0x58, 0x42, 0x43, 0xAB, 0x7C, 0xDE, 0x8E, 0x28, 0xE2, 0xC1, 0x70, 
	0xA2, 0x69, 0xA1, 0x26, 0x55, 0x7F, 0x60, 0x06, 0x01, 0x00, 0x00, 0x00, 
	0xF4, 0x0C, 0x00, 0x00, 0x06, 0x00, 0x00, 0x00, 0x38, 0x00, 0x00, 0x00, 
	0x90, 0x02, 0x00, 0x00, 0x34, 0x03, 0x00, 0x00, 0x68, 0x03, 0x00, 0x00, 
	0xC0, 0x0B, 0x00, 0x00, 0x5C, 0x0C, 0x00, 0x00, 0x52, 0x44, 0x45, 0x46, 
	0x50, 0x02, 0x00, 0x00, 0x01, 0x00, 0x00, 0x00, 0x68, 0x00, 0x00, 0x00, 
	0x01, 0x00, 0x00, 0x00, 0x3C, 0x00, 0x00, 0x00, 0x00, 0x05, 0xFF, 0xFF, 
	0x00, 0x01, 0x00, 0x00, 0x28, 0x02, 0x00, 0x00, 0x52, 0x44, 0x31, 0x31, 
	0x3C, 0x00, 0x00, 0x00, 0x18, 0x00, 0x00, 0x00, 0x20, 0x00, 0x00, 0x00, 
	0x28, 0x00, 0x00, 0x00, 0x24, 0x00, 0x00, 0x00, 0x0C, 0x00, 0x00, 0x00, 
	0x00, 0x00, 0x00, 0x00, 0x5C, 0x00, 0x00, 0x00, 0x00, 0x00, 0x00, 0x00, 
	0x00, 0x00, 0x00, 0x00, 0x00, 0x00, 0x00, 0x00, 0x00, 0x00, 0x00, 0x00, 
	0x00, 0x00, 0x00, 0x00, 0x01, 0x00, 0x00, 0x00, 0x01, 0x00, 0x00, 0x00, 
	0x63, 0x6C, 0x69, 0x70, 0x5F, 0x62, 0x75, 0x66, 0x66, 0x65, 0x72, 0x00, 
	0x5C, 0x00, 0x00, 0x00, 0x05, 0x00, 0x00, 0x00, 0x80, 0x00, 0x00, 0x00, 
	0x30, 0x00, 0x00, 0x00, 0x00, 0x00, 0x00, 0x00, 0x00, 0x00, 0x00, 0x00, 
	0x48, 0x01, 0x00, 0x00, 0x00, 0x00, 0x00, 0x00, 0x08, 0x00, 0x00, 0x00, 
	0x02, 0x00, 0x00, 0x00, 0x58, 0x01, 0x00, 0x00, 0x00, 0x00, 0x00, 0x00, 
	0xFF, 0xFF, 0xFF, 0xFF, 0x00, 0x00, 0x00, 0x00, 0xFF, 0xFF, 0xFF, 0xFF, 
	0x00, 0x00, 0x00, 0x00, 0x7C, 0x01, 0x00, 0x00, 0x08, 0x00, 0x00, 0x00, 
	0x08, 0x00, 0x00, 0x00, 0x02, 0x00, 0x00, 0x00, 0x58, 0x01, 0x00, 0x00, 
	0x00, 0x00, 0x00, 0x00, 0xFF, 0xFF, 0xFF, 0xFF, 0x00, 0x00, 0x00, 0x00, 
	0xFF, 0xFF, 0xFF, 0xFF, 0x00, 0x00, 0x00, 0x00, 0x85, 0x01, 0x00, 0x00, 
	0x10, 0x00, 0x00, 0x00, 0x10, 0x00, 0x00, 0x00, 0x02, 0x00, 0x00, 0x00, 
	0x98, 0x01, 0x00, 0x00, 0x00, 0x00, 0x00, 0x00, 0xFF, 0xFF, 0xFF, 0xFF, 
	0x00, 0x00, 0x00, 0x00, 0xFF, 0xFF, 0xFF, 0xFF, 0x00, 0x00, 0x00, 0x00, 
	0xBC, 0x01, 0x00, 0x00, 0x20, 0x00, 0x00, 0x00, 0x04, 0x00, 0x00, 0x00, 
	0x02, 0x00, 0x00, 0x00, 0xD0, 0x01, 0x00, 0x00, 0x00, 0x00, 0x00, 0x00, 
	0xFF, 0xFF, 0xFF, 0xFF, 0x00, 0x00, 0x00, 0x00, 0xFF, 0xFF, 0xFF, 0xFF, 
	0x00, 0x00, 0x00, 0x00, 0xF4, 0x01, 0x00, 0x00, 0x24, 0x00, 0x00, 0x00, 
	0x0C, 0x00, 0x00, 0x00, 0x00, 0x00, 0x00, 0x00, 0x04, 0x02, 0x00, 0x00, 
	0x00, 0x00, 0x00, 0x00, 0xFF, 0xFF, 0xFF, 0xFF, 0x00, 0x00, 0x00, 0x00, 
	0xFF, 0xFF, 0xFF, 0xFF, 0x00, 0x00, 0x00, 0x00, 0x63, 0x6C, 0x69, 0x70, 
	0x5F, 0x6D, 0x69, 0x6E, 0x00, 0x66, 0x6C, 0x6F, 0x61, 0x74, 0x32, 0x00, 
	0x01, 0x00, 0x03, 0x00, 0x01, 0x00, 0x02, 0x00, 0x00, 0x00, 0x00, 0x00, 
	0x00, 0x00, 0x00, 0x00, 0x00, 0x00, 0x00, 0x00, 0x00, 0x00, 0x00, 0x00, 
	0x00, 0x00, 0x00, 0x00, 0x00, 0x00, 0x00, 0x00, 0x51, 0x01, 0x00, 0x00, 
	0x63, 0x6C, 0x69, 0x70, 0x5F, 0x6D, 0x61, 0x78, 0x00, 0x63, 0x6C, 0x69, 
	0x70, 0x5F, 0x72, 0x61, 0x64, 0x69, 0x69, 0x00, 0x66, 0x6C, 0x6F, 0x61, 
	0x74, 0x34, 0x00, 0xAB, 0x01, 0x00, 0x03, 0x00, 0x01, 0x00, 0x04, 0x00, 
	0x00, 0x00, 0x00, 0x00, 0x00, 0x00, 0x00, 0x00, 0x00, 0x00, 0x00, 0x00, 
	0x00, 0x00, 0x00, 0x00, 0x00, 0x00, 0x00, 0x00, 0x00, 0x00, 0x00, 0x00, 
	0x90, 0x01, 0x00, 0x00, 0x63, 0x6C, 0x69, 0x70, 0x5F, 0x65, 0x6E, 0x61, 
	0x62, 0x6C, 0x65, 0x64, 0x00, 0x66, 0x6C, 0x6F, 0x61, 0x74, 0x00, 0xAB, 
	0x00, 0x00, 0x03, 0x00, 0x01, 0x00, 0x01, 0x00, 0x00, 0x00, 0x00, 0x00, 
	0x00, 0x00, 0x00, 0x00, 0x00, 0x00, 0x00, 0x00, 0x00, 0x00, 0x00, 0x00, 
	0x00, 0x00, 0x00, 0x00, 0x00, 0x00, 0x00, 0x00, 0xC9, 0x01, 0x00, 0x00, 
	0x5F, 0x70, 0x61, 0x64, 0x64, 0x69, 0x6E, 0x67, 0x00, 0x66, 0x6C, 0x6F, 
	0x61, 0x74, 0x33, 0x00, 0x01, 0x00, 0x03, 0x00, 0x01, 0x00, 0x03, 0x00, 
	0x00, 0x00, 0x00, 0x00, 0x00, 0x00, 0x00, 0x00, 0x00, 0x00, 0x00, 0x00, 
	0x00, 0x00, 0x00, 0x00, 0x00, 0x00, 0x00, 0x00, 0x00, 0x00, 0x00, 0x00, 
	0xFD, 0x01, 0x00, 0x00, 0x4D, 0x69, 0x63, 0x72, 0x6F, 0x73, 0x6F, 0x66, 
	0x74, 0x20, 0x28, 0x52, 0x29, 0x20, 0x48, 0x4C, 0x53, 0x4C, 0x20, 0x53, 
	0x68, 0x61, 0x64, 0x65, 0x72, 0x20, 0x43, 0x6F, 0x6D, 0x70, 0x69, 0x6C, 
	0x65, 0x72, 0x20, 0x31, 0x30, 0x2E, 0x31, 0x00, 0x49, 0x53, 0x47, 0x4E, 
	0x9C, 0x00, 0x00, 0x00, 0x05, 0x00, 0x00, 0x00, 0x08, 0x00, 0x00, 0x00, 
	0x80, 0x00, 0x00, 0x00, 0x00, 0x00, 0x00, 0x00, 0x01, 0x00, 0x00, 0x00, 
	0x03, 0x00, 0x00, 0x00, 0x00, 0x00, 0x00, 0x00, 0x0F, 0x03, 0x00, 0x00, 
	0x8C, 0x00, 0x00, 0x00, 0x00, 0x00, 0x00, 0x00, 0x00, 0x00, 0x00, 0x00, 
	0x03, 0x00, 0x00, 0x00, 0x01, 0x00, 0x00, 0x00, 0x0F, 0x0F, 0x00, 0x00, 
	0x92, 0x00, 0x00, 0x00, 0x00, 0x00, 0x00, 0x00, 0x00, 0x00, 0x00, 0x00, 
	0x03, 0x00, 0x00, 0x00, 0x02, 0x00, 0x00, 0x00, 0x03, 0x03, 0x00, 0x00, 
	0x92, 0x00, 0x00, 0x00, 0x01, 0x00, 0x00, 0x00, 0x00, 0x00, 0x00, 0x00, 
	0x03, 0x00, 0x00, 0x00, 0x03, 0x00, 0x00, 0x00, 0x0F, 0x0F, 0x00, 0x00, 
	0x92, 0x00, 0x00, 0x00, 0x02, 0x00, 0x00, 0x00, 0x00, 0x00, 0x00, 0x00, 
	0x03, 0x00, 0x00, 0x00, 0x04, 0x00, 0x00, 0x00, 0x0F, 0x0F, 0x00, 0x00, 
	0x53, 0x56, 0x5F, 0x50, 0x4F, 0x53, 0x49, 0x54, 0x49, 0x4F, 0x4E, 0x00, 
	0x43, 0x4F, 0x4C, 0x4F, 0x52, 0x00, 0x54, 0x45, 0x58, 0x43, 0x4F, 0x4F, 
	0x52, 0x44, 0x00, 0xAB, 0x4F, 0x53, 0x47, 0x4E, 0x2C, 0x00, 0x00, 0x00, 
	0x01, 0x00, 0x00, 0x00, 0x08, 0x00, 0x00, 0x00, 0x20, 0x00, 0x00, 0x00, 
	0x00, 0x00, 0x00, 0x00, 0x00, 0x00, 0x00, 0x00, 0x03, 0x00, 0x00, 0x00, 
	0x00, 0x00, 0x00, 0x00, 0x0F, 0x00, 0x00, 0x00, 0x53, 0x56, 0x5F, 0x54, 
	0x41, 0x52, 0x47, 0x45, 0x54, 0x00, 0xAB, 0xAB, 0x53, 0x48, 0x45, 0x58, 
	0x50, 0x08, 0x00, 0x00, 0x50, 0x00, 0x00, 0x00, 0x14, 0x02, 0x00, 0x00, 
	0x6A, 0x08, 0x00, 0x01, 0x59, 0x00, 0x00, 0x04, 0x46, 0x8E, 0x20, 0x00, 
	0x00, 0x00, 0x00, 0x00, 0x03, 0x00, 0x00, 0x00, 0x64, 0x20, 0x00, 0x04, 
	0x32, 0x10, 0x10, 0x00, 0x00, 0x00, 0x00, 0x00, 0x01, 0x00, 0x00, 0x00, 
	0x62, 0x10, 0x00, 0x03, 0xF2, 0x10, 0x10, 0x00, 0x01, 0x00, 0x00, 0x00, 
	0x62, 0x10, 0x00, 0x03, 0x32, 0x10, 0x10, 0x00, 0x02, 0x00, 0x00, 0x00, 
	0x62, 0x10, 0x00, 0x03, 0xF2, 0x10, 0x10, 0x00, 0x03, 0x00, 0x00, 0x00, 
	0x62, 0x10, 0x00, 0x03, 0xF2, 0x10, 0x10, 0x00, 0x04, 0x00, 0x00, 0x00, 
	0x65, 0x00, 0x00, 0x03, 0xF2, 0x20, 0x10, 0x00, 0x00, 0x00, 0x00, 0x00, 
	0x68, 0x00, 0x00, 0x02, 0x03, 0x00, 0x00, 0x00, 0x38, 0x00, 0x00, 0x0A, 
	0x32, 0x00, 0x10, 0x00, 0x00, 0x00, 0x00, 0x00, 0x46, 0x10, 0x10, 0x00, 
	0x03, 0x00, 0x00, 0x00, 0x02, 0x40, 0x00, 0x00, 0x00, 0x00, 0x00, 0x3F, 
	0x00, 0x00, 0x00, 0x3F, 0x00, 0x00, 0x00, 0x00, 0x00, 0x00, 0x00, 0x00, 
	0x33, 0x00, 0x00, 0x07, 0x12, 0x00, 0x10, 0x00, 0x00, 0x00, 0x00, 0x00, 
	0x1A, 0x00, 0x10, 0x00, 0x00, 0x00, 0x00, 0x00, 0x0A, 0x00, 0x10, 0x00, 
	0x00, 0x00, 0x00, 0x00, 0x33, 0x00, 0x00, 0x07, 0xF2, 0x00, 0x10, 0x00, 
	0x00, 0x00, 0x00, 0x00, 0x06, 0x00, 0x10, 0x00, 0x00, 0x00, 0x00, 0x00, 
	0x46, 0x1E, 0x10, 0x00, 0x04, 0x00, 0x00, 0x00, 0x00, 0x00, 0x00, 0x08, 
	0x32, 0x00, 0x10, 0x00, 0x00, 0x00, 0x00, 0x00, 0xB6, 0x0F, 0x10, 0x80, 
	0x41, 0x00, 0x00, 0x00, 0x00, 0x00, 0x00, 0x00, 0x46, 0x00, 0x10, 0x00, 
	0x00, 0x00, 0x00, 0x00, 0x1D, 0x00, 0x00, 0x0A, 0x32, 0x00, 0x10, 0x00, 
	0x01, 0x00, 0x00, 0x00, 0x46, 0x10, 0x10, 0x00, 0x02, 0x00, 0x00, 0x00, 
	0x02, 0x40, 0x00, 0x00, 0x00, 0x00, 0x00, 0x00, 0x00, 0x00, 0x00, 0x00, 
	0x00, 0x00, 0x00, 0x00, 0x00, 0x00, 0x00, 0x00, 0x01, 0x00, 0x00, 0x0A, 
	0x32, 0x00, 0x10, 0x00, 0x01, 0x00, 0x00, 0x00, 0x46, 0x00, 0x10, 0x00, 
	0x01, 0x00, 0x00, 0x00, 0x02, 0x40, 0x00, 0x00, 0x00, 0x00, 0x80, 0x3F, 
	0x00, 0x00, 0x80, 0x3F, 0x00, 0x00, 0x00, 0x00, 0x00, 0x00, 0x00, 0x00, 
	0x32, 0x00, 0x00, 0x09, 0x32, 0x00, 0x10, 0x00, 0x00, 0x00, 0x00, 0x00, 
	0x06, 0x00, 0x10, 0x00, 0x01, 0x00, 0x00, 0x00, 0x46, 0x00, 0x10, 0x00, 
	0x00, 0x00, 0x00, 0x00, 0xB6, 0x0F, 0x10, 0x00, 0x00, 0x00, 0x00, 0x00, 
	0x00, 0x00, 0x00, 0x08, 0x22, 0x00, 0x10, 0x00, 0x00, 0x00, 0x00, 0x00, 
	0x0A, 0x00, 0x10, 0x80, 0x41, 0x00, 0x00, 0x00, 0x00, 0x00, 0x00, 0x00, 
	0x1A, 0x00, 0x10, 0x00, 0x00, 0x00, 0x00, 0x00, 0x32, 0x00, 0x00, 0x09, 
	0x12, 0x00, 0x10, 0x00, 0x00, 0x00, 0x00, 0x00, 0x1A, 0x00, 0x10, 0x00, 
	0x01, 0x00, 0x00, 0x00, 0x1A, 0x00, 0x10, 0x00, 0x00, 0x00, 0x00, 0x00, 
	0x0A, 0x00, 0x10, 0x00, 0x00, 0x00, 0x00, 0x00, 0x32, 0x00, 0x00, 0x0E, 
	0x62, 0x00, 0x10, 0x00, 0x00, 0x00, 0x00, 0x00, 0x06, 0x11, 0x10, 0x80, 
	0x41, 0x00, 0x00, 0x00, 0x03, 0x00, 0x00, 0x00, 0x02, 0x40, 0x00, 0x00, 
	0x00, 0x00, 0x00, 0x00, 0x00, 0x00, 0x00, 0x3F, 0x00, 0x00, 0x00, 0x3F, 
	0x00, 0x00, 0x00, 0x00, 0x06, 0x11, 0x10, 0x80, 0x81, 0x00, 0x00, 0x00, 
	0x02, 0x00, 0x00, 0x00, 0x00, 0x00, 0x00, 0x07, 0x32, 0x00, 0x10, 0x00, 
	0x01, 0x00, 0x00, 0x00, 0x06, 0x00, 0x10, 0x00, 0x00, 0x00, 0x00, 0x00, 
	0x96, 0x05, 0x10, 0x00, 0x00, 0x00, 0x00, 0x00, 0x34, 0x00, 0x00, 0x07, 
	0x22, 0x00, 0x10, 0x00, 0x00, 0x00, 0x00, 0x00, 0x2A, 0x00, 0x10, 0x00, 
	0x00, 0x00, 0x00, 0x00, 0x1A, 0x00, 0x10, 0x00, 0x00, 0x00, 0x00, 0x00, 
	0x34, 0x00, 0x00, 0x0A, 0xC2, 0x00, 0x10, 0x00, 0x00, 0x00, 0x00, 0x00, 
	0x06, 0x04, 0x10, 0x00, 0x01, 0x00, 0x00, 0x00, 0x02, 0x40, 0x00, 0x00, 
	0x00, 0x00, 0x00, 0x00, 0x00, 0x00, 0x00, 0x00, 0x00, 0x00, 0x00, 0x00, 
	0x00, 0x00, 0x00, 0x00, 0x34, 0x00, 0x00, 0x07, 0x12, 0x00, 0x10, 0x00, 
	0x01, 0x00, 0x00, 0x00, 0x1A, 0x00, 0x10, 0x00, 0x01, 0x00, 0x00, 0x00, 
	0x0A, 0x00, 0x10, 0x00, 0x01, 0x00, 0x00, 0x00, 0x33, 0x00, 0x00, 0x07, 
	0x12, 0x00, 0x10, 0x00, 0x01, 0x00, 0x00, 0x00, 0x0A, 0x00, 0x10, 0x00, 
	0x01, 0x00, 0x00, 0x00, 0x01, 0x40, 0x00, 0x00, 0x00, 0x00, 0x00, 0x00, 
	0x0F, 0x00, 0x00, 0x07, 0x42, 0x00, 0x10, 0x00, 0x00, 0x00, 0x00, 0x00, 
	0xE6, 0x0A, 0x10, 0x00, 0x00, 0x00, 0x00, 0x00, 0xE6, 0x0A, 0x10, 0x00, 
	0x00, 0x00, 0x00, 0x00, 0x4B, 0x00, 0x00, 0x05, 0x42, 0x00, 0x10, 0x00, 
	0x00, 0x00, 0x00, 0x00, 0x2A, 0x00, 0x10, 0x00, 0x00, 0x00, 0x00, 0x00, 
	0x00, 0x00, 0x00, 0x07, 0x42, 0x00, 0x10, 0x00, 0x00, 0x00, 0x00, 0x00, 
	0x2A, 0x00, 0x10, 0x00, 0x00, 0x00, 0x00, 0x00, 0x0A, 0x00, 0x10, 0x00, 
	0x01, 0x00, 0x00, 0x00, 0x00, 0x00, 0x00, 0x08, 0x42, 0x00, 0x10, 0x00, 
	0x00, 0x00, 0x00, 0x00, 0x0A, 0x00, 0x10, 0x80, 0x41, 0x00, 0x00, 0x00, 
	0x00, 0x00, 0x00, 0x00, 0x2A, 0x00, 0x10, 0x00, 0x00, 0x00, 0x00, 0x00, 
	0x31, 0x00, 0x00, 0x07, 0x12, 0x00, 0x10, 0x00, 0x00, 0x00, 0x00, 0x00, 
	0x01, 0x40, 0x00, 0x00, 0x6F, 0x12, 0x83, 0x3A, 0x0A, 0x00, 0x10, 0x00, 
	0x00, 0x00, 0x00, 0x00, 0x37, 0x00, 0x00, 0x09, 0x12, 0x00, 0x10, 0x00, 
	0x00, 0x00, 0x00, 0x00, 0x0A, 0x00, 0x10, 0x00, 0x00, 0x00, 0x00, 0x00, 
	0x2A, 0x00, 0x10, 0x00, 0x00, 0x00, 0x00, 0x00, 0x1A, 0x00, 0x10, 0x00, 
	0x00, 0x00, 0x00, 0x00, 0x34, 0x00, 0x00, 0x07, 0x22, 0x00, 0x10, 0x00, 
	0x00, 0x00, 0x00, 0x00, 0x0A, 0x00, 0x10, 0x00, 0x00, 0x00, 0x00, 0x00, 
	0x01, 0x40, 0x00, 0x00, 0x00, 0x00, 0x00, 0x00, 0x00, 0x20, 0x00, 0x07, 
	0x12, 0x00, 0x10, 0x00, 0x00, 0x00, 0x00, 0x00, 0x0A, 0x00, 0x10, 0x00, 
	0x00, 0x00, 0x00, 0x00, 0x01, 0x40, 0x00, 0x00, 0x00, 0x00, 0x00, 0x3F, 
	0x34, 0x00, 0x00, 0x07, 0x42, 0x00, 0x10, 0x00, 0x00, 0x00, 0x00, 0x00, 
	0x3A, 0x10, 0x10, 0x00, 0x03, 0x00, 0x00, 0x00, 0x01, 0x40, 0x00, 0x00, 
	0x6F, 0x12, 0x83, 0x3A, 0x0E, 0x00, 0x00, 0x07, 0x22, 0x00, 0x10, 0x00, 
	0x00, 0x00, 0x00, 0x00, 0x1A, 0x00, 0x10, 0x00, 0x00, 0x00, 0x00, 0x00, 
	0x2A, 0x00, 0x10, 0x00, 0x00, 0x00, 0x00, 0x00, 0x33, 0x00, 0x00, 0x07, 
	0x22, 0x00, 0x10, 0x00, 0x00, 0x00, 0x00, 0x00, 0x1A, 0x00, 0x10, 0x00, 
	0x00, 0x00, 0x00, 0x00, 0x01, 0x40, 0x00, 0x00, 0x00, 0x00, 0x80, 0x3F, 
	0x00, 0x00, 0x00, 0x08, 0x22, 0x00, 0x10, 0x00, 0x00, 0x00, 0x00, 0x00, 
	0x1A, 0x00, 0x10, 0x80, 0x41, 0x00, 0x00, 0x00, 0x00, 0x00, 0x00, 0x00, 
	0x01, 0x40, 0x00, 0x00, 0x00, 0x00, 0x80, 0x3F, 0x38, 0x00, 0x00, 0x07, 
	0x42, 0x00, 0x10, 0x00, 0x00, 0x00, 0x00, 0x00, 0x1A, 0x00, 0x10, 0x00, 
	0x00, 0x00, 0x00, 0x00, 0x1A, 0x00, 0x10, 0x00, 0x00, 0x00, 0x00, 0x00, 
	0x38, 0x00, 0x00, 0x07, 0x22, 0x00, 0x10, 0x00, 0x00, 0x00, 0x00, 0x00, 
	0x2A, 0x00, 0x10, 0x00, 0x00, 0x00, 0x00, 0x00, 0x1A, 0x00, 0x10, 0x00, 
	0x00, 0x00, 0x00, 0x00, 0x31, 0x00, 0x00, 0x07, 0x42, 0x00, 0x10, 0x00, 
	0x00, 0x00, 0x00, 0x00, 0x01, 0x40, 0x00, 0x00, 0x00, 0x00, 0x00, 0x3F, 
	0x2A, 0x10, 0x10, 0x00, 0x03, 0x00, 0x00, 0x00, 0x37, 0x00, 0x00, 0x09, 
	0x12, 0x00, 0x10, 0x00, 0x00, 0x00, 0x00, 0x00, 0x2A, 0x00, 0x10, 0x00, 
	0x00, 0x00, 0x00, 0x00, 0x0A, 0x00, 0x10, 0x00, 0x00, 0x00, 0x00, 0x00, 
	0x01, 0x40, 0x00, 0x00, 0x00, 0x00, 0x80, 0x3F, 0x38, 0x00, 0x00, 0x07, 
	0x12, 0x00, 0x10, 0x00, 0x00, 0x00, 0x00, 0x00, 0x0A, 0x00, 0x10, 0x00, 
	0x00, 0x00, 0x00, 0x00, 0x1A, 0x00, 0x10, 0x00, 0x00, 0x00, 0x00, 0x00, 
	0x38, 0x00, 0x00, 0x07, 0x12, 0x00, 0x10, 0x00, 0x00, 0x00, 0x00, 0x00, 
	0x0A, 0x00, 0x10, 0x00, 0x00, 0x00, 0x00, 0x00, 0x3A, 0x10, 0x10, 0x00, 
	0x01, 0x00, 0x00, 0x00, 0x00, 0x00, 0x00, 0x0A, 0x62, 0x00, 0x10, 0x00, 
	0x00, 0x00, 0x00, 0x00, 0x06, 0x81, 0x20, 0x80, 0x41, 0x00, 0x00, 0x00, 
	0x00, 0x00, 0x00, 0x00, 0x00, 0x00, 0x00, 0x00, 0xA6, 0x8B, 0x20, 0x00, 
	0x00, 0x00, 0x00, 0x00, 0x00, 0x00, 0x00, 0x00, 0x38, 0x00, 0x00, 0x0A, 
	0x32, 0x00, 0x10, 0x00, 0x01, 0x00, 0x00, 0x00, 0x96, 0x05, 0x10, 0x00, 
	0x00, 0x00, 0x00, 0x00, 0x02, 0x40, 0x00, 0x00, 0x00, 0x00, 0x00, 0x3F, 
	0x00, 0x00, 0x00, 0x3F, 0x00, 0x00, 0x00, 0x00, 0x00, 0x00, 0x00, 0x00, 
	0x33, 0x00, 0x00, 0x07, 0x82, 0x00, 0x10, 0x00, 0x00, 0x00, 0x00, 0x00, 
	0x1A, 0x00, 0x10, 0x00, 0x01, 0x00, 0x00, 0x00, 0x0A, 0x00, 0x10, 0x00, 
	0x01, 0x00, 0x00, 0x00, 0x33, 0x00, 0x00, 0x08, 0xF2, 0x00, 0x10, 0x00, 
	0x01, 0x00, 0x00, 0x00, 0xF6, 0x0F, 0x10, 0x00, 0x00, 0x00, 0x00, 0x00, 
	0x46, 0x8E, 0x20, 0x00, 0x00, 0x00, 0x00, 0x00, 0x01, 0x00, 0x00, 0x00, 
	0x00, 0x00, 0x00, 0x08, 0x32, 0x00, 0x10, 0x00, 0x01, 0x00, 0x00, 0x00, 
	0xB6, 0x0F, 0x10, 0x80, 0x41, 0x00, 0x00, 0x00, 0x01, 0x00, 0x00, 0x00, 
	0x46, 0x00, 0x10, 0x00, 0x01, 0x00, 0x00, 0x00, 0x00, 0x00, 0x00, 0x09, 
	0x32, 0x00, 0x10, 0x00, 0x02, 0x00, 0x00, 0x00, 0xE6, 0x8A, 0x20, 0x00, 
	0x00, 0x00, 0x00, 0x00, 0x00, 0x00, 0x00, 0x00, 0x46, 0x80, 0x20, 0x00, 
	0x00, 0x00, 0x00, 0x00, 0x00, 0x00, 0x00, 0x00, 0x32, 0x00, 0x00, 0x0D, 
	0x32, 0x00, 0x10, 0x00, 0x02, 0x00, 0x00, 0x00, 0x46, 0x00, 0x10, 0x80, 
	0x41, 0x00, 0x00, 0x00, 0x02, 0x00, 0x00, 0x00, 0x02, 0x40, 0x00, 0x00, 
	0x00, 0x00, 0x00, 0x3F, 0x00, 0x00, 0x00, 0x3F, 0x00, 0x00, 0x00, 0x00, 
	0x00, 0x00, 0x00, 0x00, 0x46, 0x10, 0x10, 0x00, 0x00, 0x00, 0x00, 0x00, 
	0x1D, 0x00, 0x00, 0x0A, 0xC2, 0x00, 0x10, 0x00, 0x02, 0x00, 0x00, 0x00, 
	0x06, 0x04, 0x10, 0x00, 0x02, 0x00, 0x00, 0x00, 0x02, 0x40, 0x00, 0x00, 
	0x00, 0x00, 0x00, 0x00, 0x00, 0x00, 0x00, 0x00, 0x00, 0x00, 0x00, 0x00, 
	0x00, 0x00, 0x00, 0x00, 0x32, 0x00, 0x00, 0x0E, 0x62, 0x00, 0x10, 0x00, 
	0x00, 0x00, 0x00, 0x00, 0x56, 0x06, 0x10, 0x80, 0x41, 0x00, 0x00, 0x00, 
	0x00, 0x00, 0x00, 0x00, 0x02, 0x40, 0x00, 0x00, 0x00, 0x00, 0x00, 0x00, 
	0x00, 0x00, 0x00, 0x3F, 0x00, 0x00, 0x00, 0x3F, 0x00, 0x00, 0x00, 0x00, 
	0x06, 0x01, 0x10, 0x80, 0x81, 0x00, 0x00, 0x00, 0x02, 0x00, 0x00, 0x00, 
	0x01, 0x00, 0x00, 0x0A, 0x32, 0x00, 0x10, 0x00, 0x02, 0x00, 0x00, 0x00, 
	0xE6, 0x0A, 0x10, 0x00, 0x02, 0x00, 0x00, 0x00, 0x02, 0x40, 0x00, 0x00, 
	0x00, 0x00, 0x80, 0x3F, 0x00, 0x00, 0x80, 0x3F, 0x00, 0x00, 0x00, 0x00, 
	0x00, 0x00, 0x00, 0x00, 0x32, 0x00, 0x00, 0x09, 0x32, 0x00, 0x10, 0x00, 
	0x01, 0x00, 0x00, 0x00, 0x06, 0x00, 0x10, 0x00, 0x02, 0x00, 0x00, 0x00, 
	0x46, 0x00, 0x10, 0x00, 0x01, 0x00, 0x00, 0x00, 0xB6, 0x0F, 0x10, 0x00, 
	0x01, 0x00, 0x00, 0x00, 0x00, 0x00, 0x00, 0x08, 0x82, 0x00, 0x10, 0x00, 
	0x00, 0x00, 0x00, 0x00, 0x0A, 0x00, 0x10, 0x80, 0x41, 0x00, 0x00, 0x00, 
	0x01, 0x00, 0x00, 0x00, 0x1A, 0x00, 0x10, 0x00, 0x01, 0x00, 0x00, 0x00, 
	0x32, 0x00, 0x00, 0x09, 0x82, 0x00, 0x10, 0x00, 0x00, 0x00, 0x00, 0x00, 
	0x1A, 0x00, 0x10, 0x00, 0x02, 0x00, 0x00, 0x00, 0x3A, 0x00, 0x10, 0x00, 
	0x00, 0x00, 0x00, 0x00, 0x0A, 0x00, 0x10, 0x00, 0x01, 0x00, 0x00, 0x00, 
	0x00, 0x00, 0x00, 0x07, 0x32, 0x00, 0x10, 0x00, 0x01, 0x00, 0x00, 0x00, 
	0xF6, 0x0F, 0x10, 0x00, 0x00, 0x00, 0x00, 0x00, 0x96, 0x05, 0x10, 0x00, 
	0x00, 0x00, 0x00, 0x00, 0x34, 0x00, 0x00, 0x07, 0x22, 0x00, 0x10, 0x00, 
	0x00, 0x00, 0x00, 0x00, 0x2A, 0x00, 0x10, 0x00, 0x00, 0x00, 0x00, 0x00, 
	0x1A, 0x00, 0x10, 0x00, 0x00, 0x00, 0x00, 0x00, 0x34, 0x00, 0x00, 0x0A, 
	0xC2, 0x00, 0x10, 0x00, 0x01, 0x00, 0x00, 0x00, 0x06, 0x04, 0x10, 0x00, 
	0x01, 0x00, 0x00, 0x00, 0x02, 0x40, 0x00, 0x00, 0x00, 0x00, 0x00, 0x00, 
	0x00, 0x00, 0x00, 0x00, 0x00, 0x00, 0x00, 0x00, 0x00, 0x00, 0x00, 0x00, 
	0x34, 0x00, 0x00, 0x07, 0x42, 0x00, 0x10, 0x00, 0x00, 0x00, 0x00, 0x00, 
	0x1A, 0x00, 0x10, 0x00, 0x01, 0x00, 0x00, 0x00, 0x0A, 0x00, 0x10, 0x00, 
	0x01, 0x00, 0x00, 0x00, 0x33, 0x00, 0x00, 0x07, 0x42, 0x00, 0x10, 0x00, 
	0x00, 0x00, 0x00, 0x00, 0x2A, 0x00, 0x10, 0x00, 0x00, 0x00, 0x00, 0x00, 
	0x01, 0x40, 0x00, 0x00, 0x00, 0x00, 0x00, 0x00, 0x0F, 0x00, 0x00, 0x07, 
	0x12, 0x00, 0x10, 0x00, 0x01, 0x00, 0x00, 0x00, 0xE6, 0x0A, 0x10, 0x00, 
	0x01, 0x00, 0x00, 0x00, 0xE6, 0x0A, 0x10, 0x00, 0x01, 0x00, 0x00, 0x00, 
	0x4B, 0x00, 0x00, 0x05, 0x12, 0x00, 0x10, 0x00, 0x01, 0x00, 0x00, 0x00, 
	0x0A, 0x00, 0x10, 0x00, 0x01, 0x00, 0x00, 0x00, 0x00, 0x00, 0x00, 0x07, 
	0x42, 0x00, 0x10, 0x00, 0x00, 0x00, 0x00, 0x00, 0x2A, 0x00, 0x10, 0x00, 
	0x00, 0x00, 0x00, 0x00, 0x0A, 0x00, 0x10, 0x00, 0x01, 0x00, 0x00, 0x00, 
	0x00, 0x00, 0x00, 0x08, 0x42, 0x00, 0x10, 0x00, 0x00, 0x00, 0x00, 0x00, 
	0x3A, 0x00, 0x10, 0x80, 0x41, 0x00, 0x00, 0x00, 0x00, 0x00, 0x00, 0x00, 
	0x2A, 0x00, 0x10, 0x00, 0x00, 0x00, 0x00, 0x00, 0x31, 0x00, 0x00, 0x07, 
	0x82, 0x00, 0x10, 0x00, 0x00, 0x00, 0x00, 0x00, 0x01, 0x40, 0x00, 0x00, 
	0x6F, 0x12, 0x83, 0x3A, 0x3A, 0x00, 0x10, 0x00, 0x00, 0x00, 0x00, 0x00, 
	0x37, 0x00, 0x00, 0x09, 0x22, 0x00, 0x10, 0x00, 0x00, 0x00, 0x00, 0x00, 
	0x3A, 0x00, 0x10, 0x00, 0x00, 0x00, 0x00, 0x00, 0x2A, 0x00, 0x10, 0x00, 
	0x00, 0x00, 0x00, 0x00, 0x1A, 0x00, 0x10, 0x00, 0x00, 0x00, 0x00, 0x00, 
	0x00, 0x20, 0x00, 0x08, 0x22, 0x00, 0x10, 0x00, 0x00, 0x00, 0x00, 0x00, 
	0x1A, 0x00, 0x10, 0x80, 0x41, 0x00, 0x00, 0x00, 0x00, 0x00, 0x00, 0x00, 
	0x01, 0x40, 0x00, 0x00, 0x00, 0x00, 0x00, 0x3F, 0x1D, 0x00, 0x00, 0x08, 
	0x42, 0x00, 0x10, 0x00, 0x00, 0x00, 0x00, 0x00, 0x0A, 0x80, 0x20, 0x00, 
	0x00, 0x00, 0x00, 0x00, 0x02, 0x00, 0x00, 0x00, 0x01, 0x40, 0x00, 0x00, 
	0x00, 0x00, 0x00, 0x3F, 0x37, 0x00, 0x00, 0x09, 0x22, 0x00, 0x10, 0x00, 
	0x00, 0x00, 0x00, 0x00, 0x2A, 0x00, 0x10, 0x00, 0x00, 0x00, 0x00, 0x00, 
	0x1A, 0x00, 0x10, 0x00, 0x00, 0x00, 0x00, 0x00, 0x01, 0x40, 0x00, 0x00, 
	0x00, 0x00, 0x80, 0x3F, 0x38, 0x00, 0x00, 0x07, 0x82, 0x20, 0x10, 0x00, 
	0x00, 0x00, 0x00, 0x00, 0x1A, 0x00, 0x10, 0x00, 0x00, 0x00, 0x00, 0x00, 
	0x0A, 0x00, 0x10, 0x00, 0x00, 0x00, 0x00, 0x00, 0x36, 0x00, 0x00, 0x05, 
	0x72, 0x20, 0x10, 0x00, 0x00, 0x00, 0x00, 0x00, 0x46, 0x12, 0x10, 0x00, 
	0x01, 0x00, 0x00, 0x00, 0x3E, 0x00, 0x00, 0x01, 0x53, 0x54, 0x41, 0x54, 
	0x94, 0x00, 0x00, 0x00, 0x3F, 0x00, 0x00, 0x00, 0x03, 0x00, 0x00, 0x00, 
	0x00, 0x00, 0x00, 0x00, 0x06, 0x00, 0x00, 0x00, 0x37, 0x00, 0x00, 0x00, 
	0x00, 0x00, 0x00, 0x00, 0x02, 0x00, 0x00, 0x00, 0x01, 0x00, 0x00, 0x00, 
	0x00, 0x00, 0x00, 0x00, 0x00, 0x00, 0x00, 0x00, 0x00, 0x00, 0x00, 0x00, 
	0x00, 0x00, 0x00, 0x00, 0x00, 0x00, 0x00, 0x00, 0x00, 0x00, 0x00, 0x00, 
	0x00, 0x00, 0x00, 0x00, 0x00, 0x00, 0x00, 0x00, 0x00, 0x00, 0x00, 0x00, 
	0x00, 0x00, 0x00, 0x00, 0x00, 0x00, 0x00, 0x00, 0x01, 0x00, 0x00, 0x00, 
	0x04, 0x00, 0x00, 0x00, 0x00, 0x00, 0x00, 0x00, 0x00, 0x00, 0x00, 0x00, 
	0x00, 0x00, 0x00, 0x00, 0x00, 0x00, 0x00, 0x00, 0x00, 0x00, 0x00, 0x00, 
	0x00, 0x00, 0x00, 0x00, 0x00, 0x00, 0x00, 0x00, 0x00, 0x00, 0x00, 0x00, 
	0x00, 0x00, 0x00, 0x00, 0x00, 0x00, 0x00, 0x00, 0x00, 0x00, 0x00, 0x00, 
	0x00, 0x00, 0x00, 0x00, 0x00, 0x00, 0x00, 0x00, 0x00, 0x00, 0x00, 0x00, 
	0x00, 0x00, 0x00, 0x00, 0x00, 0x00, 0x00, 0x00, 0x52, 0x54, 0x53, 0x30, 
	0x90, 0x00, 0x00, 0x00, 0x02, 0x00, 0x00, 0x00, 0x02, 0x00, 0x00, 0x00, 
	0x18, 0x00, 0x00, 0x00, 0x01, 0x00, 0x00, 0x00, 0x5C, 0x00, 0x00, 0x00, 
	0x01, 0x00, 0x00, 0x00, 0x01, 0x00, 0x00, 0x00, 0x05, 0x00, 0x00, 0x00, 
	0x30, 0x00, 0x00, 0x00, 0x00, 0x00, 0x00, 0x00, 0x05, 0x00, 0x00, 0x00, 
	0x3C, 0x00, 0x00, 0x00, 0x00, 0x00, 0x00, 0x00, 0x00, 0x00, 0x00, 0x00, 
	0x0C, 0x00, 0x00, 0x00, 0x01, 0x00, 0x00, 0x00, 0x44, 0x00, 0x00, 0x00, 
	0x00, 0x00, 0x00, 0x00, 0x01, 0x00, 0x00, 0x00, 0x00, 0x00, 0x00, 0x00, 
	0x00, 0x00, 0x00, 0x00, 0x00, 0x00, 0x00, 0x00, 0xFF, 0xFF, 0xFF, 0xFF, 
	0x15, 0x00, 0x00, 0x00, 0x03, 0x00, 0x00, 0x00, 0x03, 0x00, 0x00, 0x00, 
	0x03, 0x00, 0x00, 0x00, 0x00, 0x00, 0x00, 0x00, 0x10, 0x00, 0x00, 0x00, 
	0x04, 0x00, 0x00, 0x00, 0x02, 0x00, 0x00, 0x00, 0x00, 0x00, 0x00, 0x00, 
	0xFF, 0xFF, 0x7F, 0x7F, 0x00, 0x00, 0x00, 0x00, 0x00, 0x00, 0x00, 0x00, 
	0x05, 0x00, 0x00, 0x00
};

constexpr static array_t<cstd::byte, 3852> d3d12_rect_pixel_shader = {
	0x44, 0x58, 0x42, 0x43, 0x72, 0x75, 0x1C, 0x64, 0xE9, 0x83, 0x6E, 0xCD, 
	0x36, 0x1A, 0x13, 0x0F, 0xC6, 0x10, 0x56, 0xEE, 0x01, 0x00, 0x00, 0x00, 
	0x0C, 0x0F, 0x00, 0x00, 0x06, 0x00, 0x00, 0x00, 0x38, 0x00, 0x00, 0x00, 
	0x90, 0x02, 0x00, 0x00, 0x34, 0x03, 0x00, 0x00, 0x68, 0x03, 0x00, 0x00, 
	0xD8, 0x0D, 0x00, 0x00, 0x74, 0x0E, 0x00, 0x00, 0x52, 0x44, 0x45, 0x46, 
	0x50, 0x02, 0x00, 0x00, 0x01, 0x00, 0x00, 0x00, 0x68, 0x00, 0x00, 0x00, 
	0x01, 0x00, 0x00, 0x00, 0x3C, 0x00, 0x00, 0x00, 0x00, 0x05, 0xFF, 0xFF, 
	0x00, 0x01, 0x00, 0x00, 0x28, 0x02, 0x00, 0x00, 0x52, 0x44, 0x31, 0x31, 
	0x3C, 0x00, 0x00, 0x00, 0x18, 0x00, 0x00, 0x00, 0x20, 0x00, 0x00, 0x00, 
	0x28, 0x00, 0x00, 0x00, 0x24, 0x00, 0x00, 0x00, 0x0C, 0x00, 0x00, 0x00, 
	0x00, 0x00, 0x00, 0x00, 0x5C, 0x00, 0x00, 0x00, 0x00, 0x00, 0x00, 0x00, 
	0x00, 0x00, 0x00, 0x00, 0x00, 0x00, 0x00, 0x00, 0x00, 0x00, 0x00, 0x00, 
	0x00, 0x00, 0x00, 0x00, 0x01, 0x00, 0x00, 0x00, 0x01, 0x00, 0x00, 0x00, 
	0x63, 0x6C, 0x69, 0x70, 0x5F, 0x62, 0x75, 0x66, 0x66, 0x65, 0x72, 0x00, 
	0x5C, 0x00, 0x00, 0x00, 0x05, 0x00, 0x00, 0x00, 0x80, 0x00, 0x00, 0x00, 
	0x30, 0x00, 0x00, 0x00, 0x00, 0x00, 0x00, 0x00, 0x00, 0x00, 0x00, 0x00, 
	0x48, 0x01, 0x00, 0x00, 0x00, 0x00, 0x00, 0x00, 0x08, 0x00, 0x00, 0x00, 
	0x02, 0x00, 0x00, 0x00, 0x58, 0x01, 0x00, 0x00, 0x00, 0x00, 0x00, 0x00, 
	0xFF, 0xFF, 0xFF, 0xFF, 0x00, 0x00, 0x00, 0x00, 0xFF, 0xFF, 0xFF, 0xFF, 
	0x00, 0x00, 0x00, 0x00, 0x7C, 0x01, 0x00, 0x00, 0x08, 0x00, 0x00, 0x00, 
	0x08, 0x00, 0x00, 0x00, 0x02, 0x00, 0x00, 0x00, 0x58, 0x01, 0x00, 0x00, 
	0x00, 0x00, 0x00, 0x00, 0xFF, 0xFF, 0xFF, 0xFF, 0x00, 0x00, 0x00, 0x00, 
	0xFF, 0xFF, 0xFF, 0xFF, 0x00, 0x00, 0x00, 0x00, 0x85, 0x01, 0x00, 0x00, 
	0x10, 0x00, 0x00, 0x00, 0x10, 0x00, 0x00, 0x00, 0x02, 0x00, 0x00, 0x00, 
	0x98, 0x01, 0x00, 0x00, 0x00, 0x00, 0x00, 0x00, 0xFF, 0xFF, 0xFF, 0xFF, 
	0x00, 0x00, 0x00, 0x00, 0xFF, 0xFF, 0xFF, 0xFF, 0x00, 0x00, 0x00, 0x00, 
	0xBC, 0x01, 0x00, 0x00, 0x20, 0x00, 0x00, 0x00, 0x04, 0x00, 0x00, 0x00, 
	0x02, 0x00, 0x00, 0x00, 0xD0, 0x01, 0x00, 0x00, 0x00, 0x00, 0x00, 0x00, 
	0xFF, 0xFF, 0xFF, 0xFF, 0x00, 0x00, 0x00, 0x00, 0xFF, 0xFF, 0xFF, 0xFF, 
	0x00, 0x00, 0x00, 0x00, 0xF4, 0x01, 0x00, 0x00, 0x24, 0x00, 0x00, 0x00, 
	0x0C, 0x00, 0x00, 0x00, 0x00, 0x00, 0x00, 0x00, 0x04, 0x02, 0x00, 0x00, 
	0x00, 0x00, 0x00, 0x00, 0xFF, 0xFF, 0xFF, 0xFF, 0x00, 0x00, 0x00, 0x00, 
	0xFF, 0xFF, 0xFF, 0xFF, 0x00, 0x00, 0x00, 0x00, 0x63, 0x6C, 0x69, 0x70, 
	0x5F, 0x6D, 0x69, 0x6E, 0x00, 0x66, 0x6C, 0x6F, 0x61, 0x74, 0x32, 0x00, 
	0x01, 0x00, 0x03, 0x00, 0x01, 0x00, 0x02, 0x00, 0x00, 0x00, 0x00, 0x00, 
	0x00, 0x00, 0x00, 0x00, 0x00, 0x00, 0x00, 0x00, 0x00, 0x00, 0x00, 0x00, 
	0x00, 0x00, 0x00, 0x00, 0x00, 0x00, 0x00, 0x00, 0x51, 0x01, 0x00, 0x00, 
	0x63, 0x6C, 0x69, 0x70, 0x5F, 0x6D, 0x61, 0x78, 0x00, 0x63, 0x6C, 0x69, 
	0x70, 0x5F, 0x72, 0x61, 0x64, 0x69, 0x69, 0x00, 0x66, 0x6C, 0x6F, 0x61, 
	0x74, 0x34, 0x00, 0xAB, 0x01, 0x00, 0x03, 0x00, 0x01, 0x00, 0x04, 0x00, 
	0x00, 0x00, 0x00, 0x00, 0x00, 0x00, 0x00, 0x00, 0x00, 0x00, 0x00, 0x00, 
	0x00, 0x00, 0x00, 0x00, 0x00, 0x00, 0x00, 0x00, 0x00, 0x00, 0x00, 0x00, 
	0x90, 0x01, 0x00, 0x00, 0x63, 0x6C, 0x69, 0x70, 0x5F, 0x65, 0x6E, 0x61, 
	0x62, 0x6C, 0x65, 0x64, 0x00, 0x66, 0x6C, 0x6F, 0x61, 0x74, 0x00, 0xAB, 
	0x00, 0x00, 0x03, 0x00, 0x01, 0x00, 0x01, 0x00, 0x00, 0x00, 0x00, 0x00, 
	0x00, 0x00, 0x00, 0x00, 0x00, 0x00, 0x00, 0x00, 0x00, 0x00, 0x00, 0x00, 
	0x00, 0x00, 0x00, 0x00, 0x00, 0x00, 0x00, 0x00, 0xC9, 0x01, 0x00, 0x00, 
	0x5F, 0x70, 0x61, 0x64, 0x64, 0x69, 0x6E, 0x67, 0x00, 0x66, 0x6C, 0x6F, 
	0x61, 0x74, 0x33, 0x00, 0x01, 0x00, 0x03, 0x00, 0x01, 0x00, 0x03, 0x00, 
	0x00, 0x00, 0x00, 0x00, 0x00, 0x00, 0x00, 0x00, 0x00, 0x00, 0x00, 0x00, 
	0x00, 0x00, 0x00, 0x00, 0x00, 0x00, 0x00, 0x00, 0x00, 0x00, 0x00, 0x00, 
	0xFD, 0x01, 0x00, 0x00, 0x4D, 0x69, 0x63, 0x72, 0x6F, 0x73, 0x6F, 0x66, 
	0x74, 0x20, 0x28, 0x52, 0x29, 0x20, 0x48, 0x4C, 0x53, 0x4C, 0x20, 0x53, 
	0x68, 0x61, 0x64, 0x65, 0x72, 0x20, 0x43, 0x6F, 0x6D, 0x70, 0x69, 0x6C, 
	0x65, 0x72, 0x20, 0x31, 0x30, 0x2E, 0x31, 0x00, 0x49, 0x53, 0x47, 0x4E, 
	0x9C, 0x00, 0x00, 0x00, 0x05, 0x00, 0x00, 0x00, 0x08, 0x00, 0x00, 0x00, 
	0x80, 0x00, 0x00, 0x00, 0x00, 0x00, 0x00, 0x00, 0x01, 0x00, 0x00, 0x00, 
	0x03, 0x00, 0x00, 0x00, 0x00, 0x00, 0x00, 0x00, 0x0F, 0x03, 0x00, 0x00, 
	0x8C, 0x00, 0x00, 0x00, 0x00, 0x00, 0x00, 0x00, 0x00, 0x00, 0x00, 0x00, 
	0x03, 0x00, 0x00, 0x00, 0x01, 0x00, 0x00, 0x00, 0x0F, 0x0F, 0x00, 0x00, 
	0x92, 0x00, 0x00, 0x00, 0x00, 0x00, 0x00, 0x00, 0x00, 0x00, 0x00, 0x00, 
	0x03, 0x00, 0x00, 0x00, 0x02, 0x00, 0x00, 0x00, 0x03, 0x03, 0x00, 0x00, 
	0x92, 0x00, 0x00, 0x00, 0x01, 0x00, 0x00, 0x00, 0x00, 0x00, 0x00, 0x00, 
	0x03, 0x00, 0x00, 0x00, 0x03, 0x00, 0x00, 0x00, 0x0F, 0x0F, 0x00, 0x00, 
	0x92, 0x00, 0x00, 0x00, 0x02, 0x00, 0x00, 0x00, 0x00, 0x00, 0x00, 0x00, 
	0x03, 0x00, 0x00, 0x00, 0x04, 0x00, 0x00, 0x00, 0x0F, 0x0F, 0x00, 0x00, 
	0x53, 0x56, 0x5F, 0x50, 0x4F, 0x53, 0x49, 0x54, 0x49, 0x4F, 0x4E, 0x00, 
	0x43, 0x4F, 0x4C, 0x4F, 0x52, 0x00, 0x54, 0x45, 0x58, 0x43, 0x4F, 0x4F, 
	0x52, 0x44, 0x00, 0xAB, 0x4F, 0x53, 0x47, 0x4E, 0x2C, 0x00, 0x00, 0x00, 
	0x01, 0x00, 0x00, 0x00, 0x08, 0x00, 0x00, 0x00, 0x20, 0x00, 0x00, 0x00, 
	0x00, 0x00, 0x00, 0x00, 0x00, 0x00, 0x00, 0x00, 0x03, 0x00, 0x00, 0x00, 
	0x00, 0x00, 0x00, 0x00, 0x0F, 0x00, 0x00, 0x00, 0x53, 0x56, 0x5F, 0x54, 
	0x41, 0x52, 0x47, 0x45, 0x54, 0x00, 0xAB, 0xAB, 0x53, 0x48, 0x45, 0x58, 
	0x68, 0x0A, 0x00, 0x00, 0x50, 0x00, 0x00, 0x00, 0x9A, 0x02, 0x00, 0x00, 
	0x6A, 0x08, 0x00, 0x01, 0x59, 0x00, 0x00, 0x04, 0x46, 0x8E, 0x20, 0x00, 
	0x00, 0x00, 0x00, 0x00, 0x03, 0x00, 0x00, 0x00, 0x64, 0x20, 0x00, 0x04, 
	0x32, 0x10, 0x10, 0x00, 0x00, 0x00, 0x00, 0x00, 0x01, 0x00, 0x00, 0x00, 
	0x62, 0x10, 0x00, 0x03, 0xF2, 0x10, 0x10, 0x00, 0x01, 0x00, 0x00, 0x00, 
	0x62, 0x10, 0x00, 0x03, 0x32, 0x10, 0x10, 0x00, 0x02, 0x00, 0x00, 0x00, 
	0x62, 0x10, 0x00, 0x03, 0xF2, 0x10, 0x10, 0x00, 0x03, 0x00, 0x00, 0x00, 
	0x62, 0x10, 0x00, 0x03, 0xF2, 0x10, 0x10, 0x00, 0x04, 0x00, 0x00, 0x00, 
	0x65, 0x00, 0x00, 0x03, 0xF2, 0x20, 0x10, 0x00, 0x00, 0x00, 0x00, 0x00, 
	0x68, 0x00, 0x00, 0x02, 0x03, 0x00, 0x00, 0x00, 0x00, 0x00, 0x00, 0x0A, 
	0x32, 0x00, 0x10, 0x00, 0x00, 0x00, 0x00, 0x00, 0x46, 0x80, 0x20, 0x80, 
	0x41, 0x00, 0x00, 0x00, 0x00, 0x00, 0x00, 0x00, 0x00, 0x00, 0x00, 0x00, 
	0xE6, 0x8A, 0x20, 0x00, 0x00, 0x00, 0x00, 0x00, 0x00, 0x00, 0x00, 0x00, 
	0x38, 0x00, 0x00, 0x0A, 0xC2, 0x00, 0x10, 0x00, 0x00, 0x00, 0x00, 0x00, 
	0x06, 0x04, 0x10, 0x00, 0x00, 0x00, 0x00, 0x00, 0x02, 0x40, 0x00, 0x00, 
	0x00, 0x00, 0x00, 0x00, 0x00, 0x00, 0x00, 0x00, 0x00, 0x00, 0x00, 0x3F, 
	0x00, 0x00, 0x00, 0x3F, 0x33, 0x00, 0x00, 0x07, 0x42, 0x00, 0x10, 0x00, 
	0x00, 0x00, 0x00, 0x00, 0x3A, 0x00, 0x10, 0x00, 0x00, 0x00, 0x00, 0x00, 
	0x2A, 0x00, 0x10, 0x00, 0x00, 0x00, 0x00, 0x00, 0x33, 0x00, 0x00, 0x08, 
	0xF2, 0x00, 0x10, 0x00, 0x01, 0x00, 0x00, 0x00, 0xA6, 0x0A, 0x10, 0x00, 
	0x00, 0x00, 0x00, 0x00, 0x46, 0x8E, 0x20, 0x00, 0x00, 0x00, 0x00, 0x00, 
	0x01, 0x00, 0x00, 0x00, 0x00, 0x00, 0x00, 0x08, 0xC2, 0x00, 0x10, 0x00, 
	0x00, 0x00, 0x00, 0x00, 0xF6, 0x0B, 0x10, 0x80, 0x41, 0x00, 0x00, 0x00, 
	0x01, 0x00, 0x00, 0x00, 0x06, 0x04, 0x10, 0x00, 0x01, 0x00, 0x00, 0x00, 
	0x00, 0x00, 0x00, 0x09, 0x32, 0x00, 0x10, 0x00, 0x01, 0x00, 0x00, 0x00, 
	0xE6, 0x8A, 0x20, 0x00, 0x00, 0x00, 0x00, 0x00, 0x00, 0x00, 0x00, 0x00, 
	0x46, 0x80, 0x20, 0x00, 0x00, 0x00, 0x00, 0x00, 0x00, 0x00, 0x00, 0x00, 
	0x32, 0x00, 0x00, 0x0D, 0x32, 0x00, 0x10, 0x00, 0x01, 0x00, 0x00, 0x00, 
	0x46, 0x00, 0x10, 0x80, 0x41, 0x00, 0x00, 0x00, 0x01, 0x00, 0x00, 0x00, 
	0x02, 0x40, 0x00, 0x00, 0x00, 0x00, 0x00, 0x3F, 0x00, 0x00, 0x00, 0x3F, 
	0x00, 0x00, 0x00, 0x00, 0x00, 0x00, 0x00, 0x00, 0x46, 0x10, 0x10, 0x00, 
	0x00, 0x00, 0x00, 0x00, 0x1D, 0x00, 0x00, 0x0A, 0x32, 0x00, 0x10, 0x00, 
	0x02, 0x00, 0x00, 0x00, 0x46, 0x00, 0x10, 0x00, 0x01, 0x00, 0x00, 0x00, 
	0x02, 0x40, 0x00, 0x00, 0x00, 0x00, 0x00, 0x00, 0x00, 0x00, 0x00, 0x00, 
	0x00, 0x00, 0x00, 0x00, 0x00, 0x00, 0x00, 0x00, 0x32, 0x00, 0x00, 0x0E, 
	0x32, 0x00, 0x10, 0x00, 0x00, 0x00, 0x00, 0x00, 0x46, 0x00, 0x10, 0x80, 
	0x41, 0x00, 0x00, 0x00, 0x00, 0x00, 0x00, 0x00, 0x02, 0x40, 0x00, 0x00, 
	0x00, 0x00, 0x00, 0x3F, 0x00, 0x00, 0x00, 0x3F, 0x00, 0x00, 0x00, 0x00, 
	0x00, 0x00, 0x00, 0x00, 0x46, 0x00, 0x10, 0x80, 0x81, 0x00, 0x00, 0x00, 
	0x01, 0x00, 0x00, 0x00, 0x01, 0x00, 0x00, 0x0A, 0x32, 0x00, 0x10, 0x00, 
	0x01, 0x00, 0x00, 0x00, 0x46, 0x00, 0x10, 0x00, 0x02, 0x00, 0x00, 0x00, 
	0x02, 0x40, 0x00, 0x00, 0x00, 0x00, 0x80, 0x3F, 0x00, 0x00, 0x80, 0x3F, 
	0x00, 0x00, 0x00, 0x00, 0x00, 0x00, 0x00, 0x00, 0x32, 0x00, 0x00, 0x09, 
	0xC2, 0x00, 0x10, 0x00, 0x00, 0x00, 0x00, 0x00, 0x06, 0x00, 0x10, 0x00, 
	0x01, 0x00, 0x00, 0x00, 0xA6, 0x0E, 0x10, 0x00, 0x00, 0x00, 0x00, 0x00, 
	0xF6, 0x0B, 0x10, 0x00, 0x01, 0x00, 0x00, 0x00, 0x00, 0x00, 0x00, 0x08, 
	0x82, 0x00, 0x10, 0x00, 0x00, 0x00, 0x00, 0x00, 0x2A, 0x00, 0x10, 0x80, 
	0x41, 0x00, 0x00, 0x00, 0x00, 0x00, 0x00, 0x00, 0x3A, 0x00, 0x10, 0x00, 
	0x00, 0x00, 0x00, 0x00, 0x32, 0x00, 0x00, 0x09, 0x42, 0x00, 0x10, 0x00, 
	0x00, 0x00, 0x00, 0x00, 0x1A, 0x00, 0x10, 0x00, 0x01, 0x00, 0x00, 0x00, 
	0x3A, 0x00, 0x10, 0x00, 0x00, 0x00, 0x00, 0x00, 0x2A, 0x00, 0x10, 0x00, 
	0x00, 0x00, 0x00, 0x00, 0x00, 0x00, 0x00, 0x07, 0x32, 0x00, 0x10, 0x00, 
	0x01, 0x00, 0x00, 0x00, 0xA6, 0x0A, 0x10, 0x00, 0x00, 0x00, 0x00, 0x00, 
	0x46, 0x00, 0x10, 0x00, 0x00, 0x00, 0x00, 0x00, 0x34, 0x00, 0x00, 0x07, 
	0x12, 0x00, 0x10, 0x00, 0x00, 0x00, 0x00, 0x00, 0x1A, 0x00, 0x10, 0x00, 
	0x00, 0x00, 0x00, 0x00, 0x0A, 0x00, 0x10, 0x00, 0x00, 0x00, 0x00, 0x00, 
	0x34, 0x00, 0x00, 0x0A, 0xA2, 0x00, 0x10, 0x00, 0x00, 0x00, 0x00, 0x00, 
	0x06, 0x04, 0x10, 0x00, 0x01, 0x00, 0x00, 0x00, 0x02, 0x40, 0x00, 0x00, 
	0x00, 0x00, 0x00, 0x00, 0x00, 0x00, 0x00, 0x00, 0x00, 0x00, 0x00, 0x00, 
	0x00, 0x00, 0x00, 0x00, 0x34, 0x00, 0x00, 0x07, 0x12, 0x00, 0x10, 0x00, 
	0x01, 0x00, 0x00, 0x00, 0x1A, 0x00, 0x10, 0x00, 0x01, 0x00, 0x00, 0x00, 
	0x0A, 0x00, 0x10, 0x00, 0x01, 0x00, 0x00, 0x00, 0x33, 0x00, 0x00, 0x07, 
	0x12, 0x00, 0x10, 0x00, 0x01, 0x00, 0x00, 0x00, 0x0A, 0x00, 0x10, 0x00, 
	0x01, 0x00, 0x00, 0x00, 0x01, 0x40, 0x00, 0x00, 0x00, 0x00, 0x00, 0x00, 
	0x0F, 0x00, 0x00, 0x07, 0x22, 0x00, 0x10, 0x00, 0x00, 0x00, 0x00, 0x00, 
	0xD6, 0x05, 0x10, 0x00, 0x00, 0x00, 0x00, 0x00, 0xD6, 0x05, 0x10, 0x00, 
	0x00, 0x00, 0x00, 0x00, 0x4B, 0x00, 0x00, 0x05, 0x22, 0x00, 0x10, 0x00, 
	0x00, 0x00, 0x00, 0x00, 0x1A, 0x00, 0x10, 0x00, 0x00, 0x00, 0x00, 0x00, 
	0x00, 0x00, 0x00, 0x07, 0x22, 0x00, 0x10, 0x00, 0x00, 0x00, 0x00, 0x00, 
	0x1A, 0x00, 0x10, 0x00, 0x00, 0x00, 0x00, 0x00, 0x0A, 0x00, 0x10, 0x00, 
	0x01, 0x00, 0x00, 0x00, 0x00, 0x00, 0x00, 0x08, 0x22, 0x00, 0x10, 0x00, 
	0x00, 0x00, 0x00, 0x00, 0x2A, 0x00, 0x10, 0x80, 0x41, 0x00, 0x00, 0x00, 
	0x00, 0x00, 0x00, 0x00, 0x1A, 0x00, 0x10, 0x00, 0x00, 0x00, 0x00, 0x00, 
	0x31, 0x00, 0x00, 0x07, 0x42, 0x00, 0x10, 0x00, 0x00, 0x00, 0x00, 0x00, 
	0x01, 0x40, 0x00, 0x00, 0x6F, 0x12, 0x83, 0x3A, 0x2A, 0x00, 0x10, 0x00, 
	0x00, 0x00, 0x00, 0x00, 0x37, 0x00, 0x00, 0x09, 0x12, 0x00, 0x10, 0x00, 
	0x00, 0x00, 0x00, 0x00, 0x2A, 0x00, 0x10, 0x00, 0x00, 0x00, 0x00, 0x00, 
	0x1A, 0x00, 0x10, 0x00, 0x00, 0x00, 0x00, 0x00, 0x0A, 0x00, 0x10, 0x00, 
	0x00, 0x00, 0x00, 0x00, 0x00, 0x20, 0x00, 0x08, 0x12, 0x00, 0x10, 0x00, 
	0x00, 0x00, 0x00, 0x00, 0x0A, 0x00, 0x10, 0x80, 0x41, 0x00, 0x00, 0x00, 
	0x00, 0x00, 0x00, 0x00, 0x01, 0x40, 0x00, 0x00, 0x00, 0x00, 0x00, 0x3F, 
	0x1D, 0x00, 0x00, 0x08, 0x22, 0x00, 0x10, 0x00, 0x00, 0x00, 0x00, 0x00, 
	0x0A, 0x80, 0x20, 0x00, 0x00, 0x00, 0x00, 0x00, 0x02, 0x00, 0x00, 0x00, 
	0x01, 0x40, 0x00, 0x00, 0x00, 0x00, 0x00, 0x3F, 0x37, 0x00, 0x00, 0x09, 
	0x12, 0x00, 0x10, 0x00, 0x00, 0x00, 0x00, 0x00, 0x1A, 0x00, 0x10, 0x00, 
	0x00, 0x00, 0x00, 0x00, 0x0A, 0x00, 0x10, 0x00, 0x00, 0x00, 0x00, 0x00, 
	0x01, 0x40, 0x00, 0x00, 0x00, 0x00, 0x80, 0x3F, 0x1D, 0x00, 0x00, 0x0A, 
	0x62, 0x00, 0x10, 0x00, 0x00, 0x00, 0x00, 0x00, 0x06, 0x11, 0x10, 0x00, 
	0x02, 0x00, 0x00, 0x00, 0x02, 0x40, 0x00, 0x00, 0x00, 0x00, 0x00, 0x00, 
	0x00, 0x00, 0x00, 0x00, 0x00, 0x00, 0x00, 0x00, 0x00, 0x00, 0x00, 0x00, 
	0x01, 0x00, 0x00, 0x0A, 0x62, 0x00, 0x10, 0x00, 0x00, 0x00, 0x00, 0x00, 
	0x56, 0x06, 0x10, 0x00, 0x00, 0x00, 0x00, 0x00, 0x02, 0x40, 0x00, 0x00, 
	0x00, 0x00, 0x00, 0x00, 0x00, 0x00, 0x80, 0x3F, 0x00, 0x00, 0x80, 0x3F, 
	0x00, 0x00, 0x00, 0x00, 0x38, 0x00, 0x00, 0x0A, 0x72, 0x00, 0x10, 0x00, 
	0x01, 0x00, 0x00, 0x00, 0x06, 0x11, 0x10, 0x00, 0x03, 0x00, 0x00, 0x00, 
	0x02, 0x40, 0x00, 0x00, 0x00, 0x00, 0x00, 0x3F, 0x00, 0x00, 0x00, 0x3F, 
	0x00, 0x00, 0x00, 0x3F, 0x00, 0x00, 0x00, 0x00, 0x33, 0x00, 0x00, 0x07, 
	0x82, 0x00, 0x10, 0x00, 0x00, 0x00, 0x00, 0x00, 0x2A, 0x00, 0x10, 0x00, 
	0x01, 0x00, 0x00, 0x00, 0x1A, 0x00, 0x10, 0x00, 0x01, 0x00, 0x00, 0x00, 
	0x31, 0x00, 0x00, 0x0A, 0x62, 0x00, 0x10, 0x00, 0x01, 0x00, 0x00, 0x00, 
	0x02, 0x40, 0x00, 0x00, 0x00, 0x00, 0x00, 0x00, 0x00, 0x00, 0x00, 0x3F, 
	0x00, 0x00, 0x00, 0x00, 0x00, 0x00, 0x00, 0x00, 0xF6, 0x1E, 0x10, 0x00, 
	0x03, 0x00, 0x00, 0x00, 0x37, 0x00, 0x00, 0x09, 0xF2, 0x00, 0x10, 0x00, 
	0x02, 0x00, 0x00, 0x00, 0x56, 0x05, 0x10, 0x00, 0x01, 0x00, 0x00, 0x00, 
	0x06, 0x00, 0x10, 0x00, 0x01, 0x00, 0x00, 0x00, 0x46, 0x1E, 0x10, 0x00, 
	0x04, 0x00, 0x00, 0x00, 0x33, 0x00, 0x00, 0x07, 0xF2, 0x00, 0x10, 0x00, 
	0x02, 0x00, 0x00, 0x00, 0xF6, 0x0F, 0x10, 0x00, 0x00, 0x00, 0x00, 0x00, 
	0x46, 0x0E, 0x10, 0x00, 0x02, 0x00, 0x00, 0x00, 0x00, 0x00, 0x00, 0x08, 
	0x32, 0x00, 0x10, 0x00, 0x02, 0x00, 0x00, 0x00, 0xB6, 0x0F, 0x10, 0x80, 
	0x41, 0x00, 0x00, 0x00, 0x02, 0x00, 0x00, 0x00, 0x46, 0x00, 0x10, 0x00, 
	0x02, 0x00, 0x00, 0x00, 0x32, 0x00, 0x00, 0x09, 0xA2, 0x00, 0x10, 0x00, 
	0x00, 0x00, 0x00, 0x00, 0x56, 0x05, 0x10, 0x00, 0x00, 0x00, 0x00, 0x00, 
	0x06, 0x04, 0x10, 0x00, 0x02, 0x00, 0x00, 0x00, 0xF6, 0x0B, 0x10, 0x00, 
	0x02, 0x00, 0x00, 0x00, 0x00, 0x00, 0x00, 0x08, 0x82, 0x00, 0x10, 0x00, 
	0x00, 0x00, 0x00, 0x00, 0x1A, 0x00, 0x10, 0x80, 0x41, 0x00, 0x00, 0x00, 
	0x00, 0x00, 0x00, 0x00, 0x3A, 0x00, 0x10, 0x00, 0x00, 0x00, 0x00, 0x00, 
	0x32, 0x00, 0x00, 0x09, 0x22, 0x00, 0x10, 0x00, 0x00, 0x00, 0x00, 0x00, 
	0x2A, 0x00, 0x10, 0x00, 0x00, 0x00, 0x00, 0x00, 0x3A, 0x00, 0x10, 0x00, 
	0x00, 0x00, 0x00, 0x00, 0x1A, 0x00, 0x10, 0x00, 0x00, 0x00, 0x00, 0x00, 
	0x32, 0x00, 0x00, 0x0E, 0xC2, 0x00, 0x10, 0x00, 0x00, 0x00, 0x00, 0x00, 
	0x06, 0x14, 0x10, 0x80, 0x41, 0x00, 0x00, 0x00, 0x03, 0x00, 0x00, 0x00, 
	0x02, 0x40, 0x00, 0x00, 0x00, 0x00, 0x00, 0x00, 0x00, 0x00, 0x00, 0x00, 
	0x00, 0x00, 0x00, 0x3F, 0x00, 0x00, 0x00, 0x3F, 0x06, 0x14, 0x10, 0x80, 
	0x81, 0x00, 0x00, 0x00, 0x02, 0x00, 0x00, 0x00, 0x00, 0x00, 0x00, 0x07, 
	0x32, 0x00, 0x10, 0x00, 0x02, 0x00, 0x00, 0x00, 0x56, 0x05, 0x10, 0x00, 
	0x00, 0x00, 0x00, 0x00, 0xE6, 0x0A, 0x10, 0x00, 0x00, 0x00, 0x00, 0x00, 
	0x34, 0x00, 0x00, 0x07, 0x42, 0x00, 0x10, 0x00, 0x00, 0x00, 0x00, 0x00, 
	0x3A, 0x00, 0x10, 0x00, 0x00, 0x00, 0x00, 0x00, 0x2A, 0x00, 0x10, 0x00, 
	0x00, 0x00, 0x00, 0x00, 0x34, 0x00, 0x00, 0x0A, 0xC2, 0x00, 0x10, 0x00, 
	0x02, 0x00, 0x00, 0x00, 0x06, 0x04, 0x10, 0x00, 0x02, 0x00, 0x00, 0x00, 
	0x02, 0x40, 0x00, 0x00, 0x00, 0x00, 0x00, 0x00, 0x00, 0x00, 0x00, 0x00, 
	0x00, 0x00, 0x00, 0x00, 0x00, 0x00, 0x00, 0x00, 0x34, 0x00, 0x00, 0x07, 
	0x82, 0x00, 0x10, 0x00, 0x00, 0x00, 0x00, 0x00, 0x1A, 0x00, 0x10, 0x00, 
	0x02, 0x00, 0x00, 0x00, 0x0A, 0x00, 0x10, 0x00, 0x02, 0x00, 0x00, 0x00, 
	0x33, 0x00, 0x00, 0x07, 0x82, 0x00, 0x10, 0x00, 0x00, 0x00, 0x00, 0x00, 
	0x3A, 0x00, 0x10, 0x00, 0x00, 0x00, 0x00, 0x00, 0x01, 0x40, 0x00, 0x00, 
	0x00, 0x00, 0x00, 0x00, 0x0F, 0x00, 0x00, 0x07, 0x82, 0x00, 0x10, 0x00, 
	0x01, 0x00, 0x00, 0x00, 0xE6, 0x0A, 0x10, 0x00, 0x02, 0x00, 0x00, 0x00, 
	0xE6, 0x0A, 0x10, 0x00, 0x02, 0x00, 0x00, 0x00, 0x4B, 0x00, 0x00, 0x05, 
	0x82, 0x00, 0x10, 0x00, 0x01, 0x00, 0x00, 0x00, 0x3A, 0x00, 0x10, 0x00, 
	0x01, 0x00, 0x00, 0x00, 0x00, 0x00, 0x00, 0x07, 0x82, 0x00, 0x10, 0x00, 
	0x00, 0x00, 0x00, 0x00, 0x3A, 0x00, 0x10, 0x00, 0x00, 0x00, 0x00, 0x00, 
	0x3A, 0x00, 0x10, 0x00, 0x01, 0x00, 0x00, 0x00, 0x00, 0x00, 0x00, 0x08, 
	0x82, 0x00, 0x10, 0x00, 0x00, 0x00, 0x00, 0x00, 0x1A, 0x00, 0x10, 0x80, 
	0x41, 0x00, 0x00, 0x00, 0x00, 0x00, 0x00, 0x00, 0x3A, 0x00, 0x10, 0x00, 
	0x00, 0x00, 0x00, 0x00, 0x31, 0x00, 0x00, 0x07, 0x22, 0x00, 0x10, 0x00, 
	0x00, 0x00, 0x00, 0x00, 0x01, 0x40, 0x00, 0x00, 0x6F, 0x12, 0x83, 0x3A, 
	0x1A, 0x00, 0x10, 0x00, 0x00, 0x00, 0x00, 0x00, 0x37, 0x00, 0x00, 0x09, 
	0x22, 0x00, 0x10, 0x00, 0x00, 0x00, 0x00, 0x00, 0x1A, 0x00, 0x10, 0x00, 
	0x00, 0x00, 0x00, 0x00, 0x3A, 0x00, 0x10, 0x00, 0x00, 0x00, 0x00, 0x00, 
	0x2A, 0x00, 0x10, 0x00, 0x00, 0x00, 0x00, 0x00, 0x32, 0x00, 0x00, 0x0B, 
	0x42, 0x00, 0x10, 0x00, 0x00, 0x00, 0x00, 0x00, 0x2A, 0x10, 0x10, 0x80, 
	0x41, 0x00, 0x00, 0x00, 0x03, 0x00, 0x00, 0x00, 0x01, 0x40, 0x00, 0x00, 
	0x00, 0x00, 0x00, 0xBF, 0x1A, 0x00, 0x10, 0x80, 0x81, 0x00, 0x00, 0x00, 
	0x00, 0x00, 0x00, 0x00, 0x00, 0x20, 0x00, 0x07, 0x42, 0x00, 0x10, 0x00, 
	0x00, 0x00, 0x00, 0x00, 0x2A, 0x00, 0x10, 0x00, 0x00, 0x00, 0x00, 0x00, 
	0x01, 0x40, 0x00, 0x00, 0x00, 0x00, 0x00, 0x3F, 0x32, 0x00, 0x00, 0x09, 
	0x82, 0x00, 0x10, 0x00, 0x00, 0x00, 0x00, 0x00, 0x2A, 0x00, 0x10, 0x00, 
	0x00, 0x00, 0x00, 0x00, 0x01, 0x40, 0x00, 0x00, 0x00, 0x00, 0x00, 0xC0, 
	0x01, 0x40, 0x00, 0x00, 0x00, 0x00, 0x40, 0x40, 0x38, 0x00, 0x00, 0x07, 
	0x42, 0x00, 0x10, 0x00, 0x00, 0x00, 0x00, 0x00, 0x2A, 0x00, 0x10, 0x00, 
	0x00, 0x00, 0x00, 0x00, 0x2A, 0x00, 0x10, 0x00, 0x00, 0x00, 0x00, 0x00, 
	0x32, 0x00, 0x00, 0x0A, 0x42, 0x00, 0x10, 0x00, 0x00, 0x00, 0x00, 0x00, 
	0x3A, 0x00, 0x10, 0x80, 0x41, 0x00, 0x00, 0x00, 0x00, 0x00, 0x00, 0x00, 
	0x2A, 0x00, 0x10, 0x00, 0x00, 0x00, 0x00, 0x00, 0x01, 0x40, 0x00, 0x00, 
	0x00, 0x00, 0x80, 0x3F, 0x00, 0x20, 0x00, 0x07, 0x82, 0x00, 0x10, 0x00, 
	0x00, 0x00, 0x00, 0x00, 0x1A, 0x00, 0x10, 0x00, 0x00, 0x00, 0x00, 0x00, 
	0x01, 0x40, 0x00, 0x00, 0x00, 0x00, 0x00, 0x3F, 0x00, 0x00, 0x00, 0x07, 
	0x22, 0x00, 0x10, 0x00, 0x00, 0x00, 0x00, 0x00, 0x1A, 0x00, 0x10, 0x00, 
	0x00, 0x00, 0x00, 0x00, 0x2A, 0x10, 0x10, 0x00, 0x03, 0x00, 0x00, 0x00, 
	0x00, 0x20, 0x00, 0x07, 0x22, 0x00, 0x10, 0x00, 0x00, 0x00, 0x00, 0x00, 
	0x1A, 0x00, 0x10, 0x00, 0x00, 0x00, 0x00, 0x00, 0x01, 0x40, 0x00, 0x00, 
	0x00, 0x00, 0x00, 0x3F, 0x32, 0x00, 0x00, 0x09, 0x82, 0x00, 0x10, 0x00, 
	0x01, 0x00, 0x00, 0x00, 0x3A, 0x00, 0x10, 0x00, 0x00, 0x00, 0x00, 0x00, 
	0x01, 0x40, 0x00, 0x00, 0x00, 0x00, 0x00, 0xC0, 0x01, 0x40, 0x00, 0x00, 
	0x00, 0x00, 0x40, 0x40, 0x38, 0x00, 0x00, 0x07, 0x82, 0x00, 0x10, 0x00, 
	0x00, 0x00, 0x00, 0x00, 0x3A, 0x00, 0x10, 0x00, 0x00, 0x00, 0x00, 0x00, 
	0x3A, 0x00, 0x10, 0x00, 0x00, 0x00, 0x00, 0x00, 0x32, 0x00, 0x00, 0x0A, 
	0x82, 0x00, 0x10, 0x00, 0x00, 0x00, 0x00, 0x00, 0x3A, 0x00, 0x10, 0x80, 
	0x41, 0x00, 0x00, 0x00, 0x01, 0x00, 0x00, 0x00, 0x3A, 0x00, 0x10, 0x00, 
	0x00, 0x00, 0x00, 0x00, 0x01, 0x40, 0x00, 0x00, 0x00, 0x00, 0x80, 0x3F, 
	0x31, 0x00, 0x00, 0x07, 0x82, 0x00, 0x10, 0x00, 0x01, 0x00, 0x00, 0x00, 
	0x2A, 0x10, 0x10, 0x00, 0x03, 0x00, 0x00, 0x00, 0x01, 0x40, 0x00, 0x00, 
	0x00, 0x00, 0x00, 0x00, 0x37, 0x00, 0x00, 0x09, 0x42, 0x00, 0x10, 0x00, 
	0x00, 0x00, 0x00, 0x00, 0x3A, 0x00, 0x10, 0x00, 0x01, 0x00, 0x00, 0x00, 
	0x2A, 0x00, 0x10, 0x00, 0x00, 0x00, 0x00, 0x00, 0x3A, 0x00, 0x10, 0x00, 
	0x00, 0x00, 0x00, 0x00, 0x32, 0x00, 0x00, 0x09, 0x82, 0x00, 0x10, 0x00, 
	0x01, 0x00, 0x00, 0x00, 0x1A, 0x00, 0x10, 0x00, 0x00, 0x00, 0x00, 0x00, 
	0x01, 0x40, 0x00, 0x00, 0x00, 0x00, 0x00, 0xC0, 0x01, 0x40, 0x00, 0x00, 
	0x00, 0x00, 0x40, 0x40, 0x38, 0x00, 0x00, 0x07, 0x22, 0x00, 0x10, 0x00, 
	0x00, 0x00, 0x00, 0x00, 0x1A, 0x00, 0x10, 0x00, 0x00, 0x00, 0x00, 0x00, 
	0x1A, 0x00, 0x10, 0x00, 0x00, 0x00, 0x00, 0x00, 0x32, 0x00, 0x00, 0x0A, 
	0x22, 0x00, 0x10, 0x00, 0x00, 0x00, 0x00, 0x00, 0x3A, 0x00, 0x10, 0x80, 
	0x41, 0x00, 0x00, 0x00, 0x01, 0x00, 0x00, 0x00, 0x1A, 0x00, 0x10, 0x00, 
	0x00, 0x00, 0x00, 0x00, 0x01, 0x40, 0x00, 0x00, 0x00, 0x00, 0x80, 0x3F, 
	0x00, 0x00, 0x00, 0x08, 0x22, 0x00, 0x10, 0x00, 0x00, 0x00, 0x00, 0x00, 
	0x1A, 0x00, 0x10, 0x80, 0x41, 0x00, 0x00, 0x00, 0x00, 0x00, 0x00, 0x00, 
	0x3A, 0x00, 0x10, 0x00, 0x00, 0x00, 0x00, 0x00, 0x37, 0x00, 0x00, 0x09, 
	0x22, 0x00, 0x10, 0x00, 0x00, 0x00, 0x00, 0x00, 0x2A, 0x00, 0x10, 0x00, 
	0x01, 0x00, 0x00, 0x00, 0x1A, 0x00, 0x10, 0x00, 0x00, 0x00, 0x00, 0x00, 
	0x2A, 0x00, 0x10, 0x00, 0x00, 0x00, 0x00, 0x00, 0x0F, 0x00, 0x00, 0x07, 
	0x42, 0x00, 0x10, 0x00, 0x00, 0x00, 0x00, 0x00, 0x46, 0x10, 0x10, 0x00, 
	0x02, 0x00, 0x00, 0x00, 0x46, 0x10, 0x10, 0x00, 0x02, 0x00, 0x00, 0x00, 
	0x4B, 0x00, 0x00, 0x05, 0x42, 0x00, 0x10, 0x00, 0x00, 0x00, 0x00, 0x00, 
	0x2A, 0x00, 0x10, 0x00, 0x00, 0x00, 0x00, 0x00, 0x0E, 0x20, 0x00, 0x07, 
	0x42, 0x00, 0x10, 0x00, 0x00, 0x00, 0x00, 0x00, 0x2A, 0x00, 0x10, 0x00, 
	0x00, 0x00, 0x00, 0x00, 0x0A, 0x00, 0x10, 0x00, 0x01, 0x00, 0x00, 0x00, 
	0x00, 0x00, 0x00, 0x08, 0xF2, 0x00, 0x10, 0x00, 0x02, 0x00, 0x00, 0x00, 
	0x46, 0x1E, 0x10, 0x00, 0x01, 0x00, 0x00, 0x00, 0x46, 0x1E, 0x10, 0x80, 
	0x41, 0x00, 0x00, 0x00, 0x04, 0x00, 0x00, 0x00, 0x32, 0x00, 0x00, 0x09, 
	0xF2, 0x00, 0x10, 0x00, 0x02, 0x00, 0x00, 0x00, 0xA6, 0x0A, 0x10, 0x00, 
	0x00, 0x00, 0x00, 0x00, 0x46, 0x0E, 0x10, 0x00, 0x02, 0x00, 0x00, 0x00, 
	0x46, 0x1E, 0x10, 0x00, 0x04, 0x00, 0x00, 0x00, 0x37, 0x00, 0x00, 0x09, 
	0xF2, 0x00, 0x10, 0x00, 0x01, 0x00, 0x00, 0x00, 0x56, 0x05, 0x10, 0x00, 
	0x01, 0x00, 0x00, 0x00, 0x46, 0x0E, 0x10, 0x00, 0x02, 0x00, 0x00, 0x00, 
	0x46, 0x1E, 0x10, 0x00, 0x01, 0x00, 0x00, 0x00, 0x38, 0x00, 0x00, 0x07, 
	0x22, 0x00, 0x10, 0x00, 0x00, 0x00, 0x00, 0x00, 0x1A, 0x00, 0x10, 0x00, 
	0x00, 0x00, 0x00, 0x00, 0x3A, 0x00, 0x10, 0x00, 0x01, 0x00, 0x00, 0x00, 
	0x36, 0x00, 0x00, 0x05, 0x72, 0x20, 0x10, 0x00, 0x00, 0x00, 0x00, 0x00, 
	0x46, 0x02, 0x10, 0x00, 0x01, 0x00, 0x00, 0x00, 0x38, 0x00, 0x00, 0x07, 
	0x82, 0x20, 0x10, 0x00, 0x00, 0x00, 0x00, 0x00, 0x0A, 0x00, 0x10, 0x00, 
	0x00, 0x00, 0x00, 0x00, 0x1A, 0x00, 0x10, 0x00, 0x00, 0x00, 0x00, 0x00, 
	0x3E, 0x00, 0x00, 0x01, 0x53, 0x54, 0x41, 0x54, 0x94, 0x00, 0x00, 0x00, 
	0x4E, 0x00, 0x00, 0x00, 0x03, 0x00, 0x00, 0x00, 0x00, 0x00, 0x00, 0x00, 
	0x06, 0x00, 0x00, 0x00, 0x43, 0x00, 0x00, 0x00, 0x00, 0x00, 0x00, 0x00, 
	0x02, 0x00, 0x00, 0x00, 0x01, 0x00, 0x00, 0x00, 0x00, 0x00, 0x00, 0x00, 
	0x00, 0x00, 0x00, 0x00, 0x00, 0x00, 0x00, 0x00, 0x00, 0x00, 0x00, 0x00, 
	0x00, 0x00, 0x00, 0x00, 0x00, 0x00, 0x00, 0x00, 0x00, 0x00, 0x00, 0x00, 
	0x00, 0x00, 0x00, 0x00, 0x00, 0x00, 0x00, 0x00, 0x00, 0x00, 0x00, 0x00, 
	0x00, 0x00, 0x00, 0x00, 0x01, 0x00, 0x00, 0x00, 0x07, 0x00, 0x00, 0x00, 
	0x00, 0x00, 0x00, 0x00, 0x00, 0x00, 0x00, 0x00, 0x00, 0x00, 0x00, 0x00, 
	0x00, 0x00, 0x00, 0x00, 0x00, 0x00, 0x00, 0x00, 0x00, 0x00, 0x00, 0x00, 
	0x00, 0x00, 0x00, 0x00, 0x00, 0x00, 0x00, 0x00, 0x00, 0x00, 0x00, 0x00, 
	0x00, 0x00, 0x00, 0x00, 0x00, 0x00, 0x00, 0x00, 0x00, 0x00, 0x00, 0x00, 
	0x00, 0x00, 0x00, 0x00, 0x00, 0x00, 0x00, 0x00, 0x00, 0x00, 0x00, 0x00, 
	0x00, 0x00, 0x00, 0x00, 0x52, 0x54, 0x53, 0x30, 0x90, 0x00, 0x00, 0x00, 
	0x02, 0x00, 0x00, 0x00, 0x02, 0x00, 0x00, 0x00, 0x18, 0x00, 0x00, 0x00, 
	0x01, 0x00, 0x00, 0x00, 0x5C, 0x00, 0x00, 0x00, 0x01, 0x00, 0x00, 0x00, 
	0x01, 0x00, 0x00, 0x00, 0x05, 0x00, 0x00, 0x00, 0x30, 0x00, 0x00, 0x00, 
	0x00, 0x00, 0x00, 0x00, 0x05, 0x00, 0x00, 0x00, 0x3C, 0x00, 0x00, 0x00, 
	0x00, 0x00, 0x00, 0x00, 0x00, 0x00, 0x00, 0x00, 0x0C, 0x00, 0x00, 0x00, 
	0x01, 0x00, 0x00, 0x00, 0x44, 0x00, 0x00, 0x00, 0x00, 0x00, 0x00, 0x00, 
	0x01, 0x00, 0x00, 0x00, 0x00, 0x00, 0x00, 0x00, 0x00, 0x00, 0x00, 0x00, 
	0x00, 0x00, 0x00, 0x00, 0xFF, 0xFF, 0xFF, 0xFF, 0x15, 0x00, 0x00, 0x00, 
	0x03, 0x00, 0x00, 0x00, 0x03, 0x00, 0x00, 0x00, 0x03, 0x00, 0x00, 0x00, 
	0x00, 0x00, 0x00, 0x00, 0x10, 0x00, 0x00, 0x00, 0x04, 0x00, 0x00, 0x00, 
	0x02, 0x00, 0x00, 0x00, 0x00, 0x00, 0x00, 0x00, 0xFF, 0xFF, 0x7F, 0x7F, 
	0x00, 0x00, 0x00, 0x00, 0x00, 0x00, 0x00, 0x00, 0x05, 0x00, 0x00, 0x00
};

constexpr static array_t<cstd::byte, 3216> d3d12_image_pixel_shader = {
	0x44, 0x58, 0x42, 0x43, 0x9D, 0xF9, 0x94, 0x31, 0xF4, 0x57, 0xE5, 0x55, 
	0x88, 0xC0, 0xD9, 0x22, 0x84, 0x5B, 0x61, 0xE7, 0x01, 0x00, 0x00, 0x00, 
	0x90, 0x0C, 0x00, 0x00, 0x06, 0x00, 0x00, 0x00, 0x38, 0x00, 0x00, 0x00, 
	0xE0, 0x02, 0x00, 0x00, 0x84, 0x03, 0x00, 0x00, 0xB8, 0x03, 0x00, 0x00, 
	0x5C, 0x0B, 0x00, 0x00, 0xF8, 0x0B, 0x00, 0x00, 0x52, 0x44, 0x45, 0x46, 
	0xA0, 0x02, 0x00, 0x00, 0x01, 0x00, 0x00, 0x00, 0xB8, 0x00, 0x00, 0x00, 
	0x03, 0x00, 0x00, 0x00, 0x3C, 0x00, 0x00, 0x00, 0x00, 0x05, 0xFF, 0xFF, 
	0x00, 0x01, 0x00, 0x00, 0x78, 0x02, 0x00, 0x00, 0x52, 0x44, 0x31, 0x31, 
	0x3C, 0x00, 0x00, 0x00, 0x18, 0x00, 0x00, 0x00, 0x20, 0x00, 0x00, 0x00, 
	0x28, 0x00, 0x00, 0x00, 0x24, 0x00, 0x00, 0x00, 0x0C, 0x00, 0x00, 0x00, 
	0x00, 0x00, 0x00, 0x00, 0x9C, 0x00, 0x00, 0x00, 0x03, 0x00, 0x00, 0x00, 
	0x00, 0x00, 0x00, 0x00, 0x00, 0x00, 0x00, 0x00, 0x00, 0x00, 0x00, 0x00, 
	0x00, 0x00, 0x00, 0x00, 0x01, 0x00, 0x00, 0x00, 0x01, 0x00, 0x00, 0x00, 
	0xA3, 0x00, 0x00, 0x00, 0x02, 0x00, 0x00, 0x00, 0x05, 0x00, 0x00, 0x00, 
	0x04, 0x00, 0x00, 0x00, 0xFF, 0xFF, 0xFF, 0xFF, 0x00, 0x00, 0x00, 0x00, 
	0x01, 0x00, 0x00, 0x00, 0x0D, 0x00, 0x00, 0x00, 0xA9, 0x00, 0x00, 0x00, 
	0x00, 0x00, 0x00, 0x00, 0x00, 0x00, 0x00, 0x00, 0x00, 0x00, 0x00, 0x00, 
	0x00, 0x00, 0x00, 0x00, 0x00, 0x00, 0x00, 0x00, 0x01, 0x00, 0x00, 0x00, 
	0x01, 0x00, 0x00, 0x00, 0x73, 0x61, 0x6D, 0x70, 0x6C, 0x72, 0x00, 0x74, 
	0x65, 0x78, 0x74, 0x72, 0x00, 0x63, 0x6C, 0x69, 0x70, 0x5F, 0x62, 0x75, 
	0x66, 0x66, 0x65, 0x72, 0x00, 0xAB, 0xAB, 0xAB, 0xA9, 0x00, 0x00, 0x00, 
	0x05, 0x00, 0x00, 0x00, 0xD0, 0x00, 0x00, 0x00, 0x30, 0x00, 0x00, 0x00, 
	0x00, 0x00, 0x00, 0x00, 0x00, 0x00, 0x00, 0x00, 0x98, 0x01, 0x00, 0x00, 
	0x00, 0x00, 0x00, 0x00, 0x08, 0x00, 0x00, 0x00, 0x02, 0x00, 0x00, 0x00, 
	0xA8, 0x01, 0x00, 0x00, 0x00, 0x00, 0x00, 0x00, 0xFF, 0xFF, 0xFF, 0xFF, 
	0x00, 0x00, 0x00, 0x00, 0xFF, 0xFF, 0xFF, 0xFF, 0x00, 0x00, 0x00, 0x00, 
	0xCC, 0x01, 0x00, 0x00, 0x08, 0x00, 0x00, 0x00, 0x08, 0x00, 0x00, 0x00, 
	0x02, 0x00, 0x00, 0x00, 0xA8, 0x01, 0x00, 0x00, 0x00, 0x00, 0x00, 0x00, 
	0xFF, 0xFF, 0xFF, 0xFF, 0x00, 0x00, 0x00, 0x00, 0xFF, 0xFF, 0xFF, 0xFF, 
	0x00, 0x00, 0x00, 0x00, 0xD5, 0x01, 0x00, 0x00, 0x10, 0x00, 0x00, 0x00, 
	0x10, 0x00, 0x00, 0x00, 0x02, 0x00, 0x00, 0x00, 0xE8, 0x01, 0x00, 0x00, 
	0x00, 0x00, 0x00, 0x00, 0xFF, 0xFF, 0xFF, 0xFF, 0x00, 0x00, 0x00, 0x00, 
	0xFF, 0xFF, 0xFF, 0xFF, 0x00, 0x00, 0x00, 0x00, 0x0C, 0x02, 0x00, 0x00, 
	0x20, 0x00, 0x00, 0x00, 0x04, 0x00, 0x00, 0x00, 0x02, 0x00, 0x00, 0x00, 
	0x20, 0x02, 0x00, 0x00, 0x00, 0x00, 0x00, 0x00, 0xFF, 0xFF, 0xFF, 0xFF, 
	0x00, 0x00, 0x00, 0x00, 0xFF, 0xFF, 0xFF, 0xFF, 0x00, 0x00, 0x00, 0x00, 
	0x44, 0x02, 0x00, 0x00, 0x24, 0x00, 0x00, 0x00, 0x0C, 0x00, 0x00, 0x00, 
	0x00, 0x00, 0x00, 0x00, 0x54, 0x02, 0x00, 0x00, 0x00, 0x00, 0x00, 0x00, 
	0xFF, 0xFF, 0xFF, 0xFF, 0x00, 0x00, 0x00, 0x00, 0xFF, 0xFF, 0xFF, 0xFF, 
	0x00, 0x00, 0x00, 0x00, 0x63, 0x6C, 0x69, 0x70, 0x5F, 0x6D, 0x69, 0x6E, 
	0x00, 0x66, 0x6C, 0x6F, 0x61, 0x74, 0x32, 0x00, 0x01, 0x00, 0x03, 0x00, 
	0x01, 0x00, 0x02, 0x00, 0x00, 0x00, 0x00, 0x00, 0x00, 0x00, 0x00, 0x00, 
	0x00, 0x00, 0x00, 0x00, 0x00, 0x00, 0x00, 0x00, 0x00, 0x00, 0x00, 0x00, 
	0x00, 0x00, 0x00, 0x00, 0xA1, 0x01, 0x00, 0x00, 0x63, 0x6C, 0x69, 0x70, 
	0x5F, 0x6D, 0x61, 0x78, 0x00, 0x63, 0x6C, 0x69, 0x70, 0x5F, 0x72, 0x61, 
	0x64, 0x69, 0x69, 0x00, 0x66, 0x6C, 0x6F, 0x61, 0x74, 0x34, 0x00, 0xAB, 
	0x01, 0x00, 0x03, 0x00, 0x01, 0x00, 0x04, 0x00, 0x00, 0x00, 0x00, 0x00, 
	0x00, 0x00, 0x00, 0x00, 0x00, 0x00, 0x00, 0x00, 0x00, 0x00, 0x00, 0x00, 
	0x00, 0x00, 0x00, 0x00, 0x00, 0x00, 0x00, 0x00, 0xE0, 0x01, 0x00, 0x00, 
	0x63, 0x6C, 0x69, 0x70, 0x5F, 0x65, 0x6E, 0x61, 0x62, 0x6C, 0x65, 0x64, 
	0x00, 0x66, 0x6C, 0x6F, 0x61, 0x74, 0x00, 0xAB, 0x00, 0x00, 0x03, 0x00, 
	0x01, 0x00, 0x01, 0x00, 0x00, 0x00, 0x00, 0x00, 0x00, 0x00, 0x00, 0x00, 
	0x00, 0x00, 0x00, 0x00, 0x00, 0x00, 0x00, 0x00, 0x00, 0x00, 0x00, 0x00, 
	0x00, 0x00, 0x00, 0x00, 0x19, 0x02, 0x00, 0x00, 0x5F, 0x70, 0x61, 0x64, 
	0x64, 0x69, 0x6E, 0x67, 0x00, 0x66, 0x6C, 0x6F, 0x61, 0x74, 0x33, 0x00, 
	0x01, 0x00, 0x03, 0x00, 0x01, 0x00, 0x03, 0x00, 0x00, 0x00, 0x00, 0x00, 
	0x00, 0x00, 0x00, 0x00, 0x00, 0x00, 0x00, 0x00, 0x00, 0x00, 0x00, 0x00, 
	0x00, 0x00, 0x00, 0x00, 0x00, 0x00, 0x00, 0x00, 0x4D, 0x02, 0x00, 0x00, 
	0x4D, 0x69, 0x63, 0x72, 0x6F, 0x73, 0x6F, 0x66, 0x74, 0x20, 0x28, 0x52, 
	0x29, 0x20, 0x48, 0x4C, 0x53, 0x4C, 0x20, 0x53, 0x68, 0x61, 0x64, 0x65, 
	0x72, 0x20, 0x43, 0x6F, 0x6D, 0x70, 0x69, 0x6C, 0x65, 0x72, 0x20, 0x31, 
	0x30, 0x2E, 0x31, 0x00, 0x49, 0x53, 0x47, 0x4E, 0x9C, 0x00, 0x00, 0x00, 
	0x05, 0x00, 0x00, 0x00, 0x08, 0x00, 0x00, 0x00, 0x80, 0x00, 0x00, 0x00, 
	0x00, 0x00, 0x00, 0x00, 0x01, 0x00, 0x00, 0x00, 0x03, 0x00, 0x00, 0x00, 
	0x00, 0x00, 0x00, 0x00, 0x0F, 0x03, 0x00, 0x00, 0x8C, 0x00, 0x00, 0x00, 
	0x00, 0x00, 0x00, 0x00, 0x00, 0x00, 0x00, 0x00, 0x03, 0x00, 0x00, 0x00, 
	0x01, 0x00, 0x00, 0x00, 0x0F, 0x0F, 0x00, 0x00, 0x92, 0x00, 0x00, 0x00, 
	0x00, 0x00, 0x00, 0x00, 0x00, 0x00, 0x00, 0x00, 0x03, 0x00, 0x00, 0x00, 
	0x02, 0x00, 0x00, 0x00, 0x03, 0x03, 0x00, 0x00, 0x92, 0x00, 0x00, 0x00, 
	0x01, 0x00, 0x00, 0x00, 0x00, 0x00, 0x00, 0x00, 0x03, 0x00, 0x00, 0x00, 
	0x03, 0x00, 0x00, 0x00, 0x0F, 0x0F, 0x00, 0x00, 0x92, 0x00, 0x00, 0x00, 
	0x02, 0x00, 0x00, 0x00, 0x00, 0x00, 0x00, 0x00, 0x03, 0x00, 0x00, 0x00, 
	0x04, 0x00, 0x00, 0x00, 0x0F, 0x0F, 0x00, 0x00, 0x53, 0x56, 0x5F, 0x50, 
	0x4F, 0x53, 0x49, 0x54, 0x49, 0x4F, 0x4E, 0x00, 0x43, 0x4F, 0x4C, 0x4F, 
	0x52, 0x00, 0x54, 0x45, 0x58, 0x43, 0x4F, 0x4F, 0x52, 0x44, 0x00, 0xAB, 
	0x4F, 0x53, 0x47, 0x4E, 0x2C, 0x00, 0x00, 0x00, 0x01, 0x00, 0x00, 0x00, 
	0x08, 0x00, 0x00, 0x00, 0x20, 0x00, 0x00, 0x00, 0x00, 0x00, 0x00, 0x00, 
	0x00, 0x00, 0x00, 0x00, 0x03, 0x00, 0x00, 0x00, 0x00, 0x00, 0x00, 0x00, 
	0x0F, 0x00, 0x00, 0x00, 0x53, 0x56, 0x5F, 0x54, 0x41, 0x52, 0x47, 0x45, 
	0x54, 0x00, 0xAB, 0xAB, 0x53, 0x48, 0x45, 0x58, 0x9C, 0x07, 0x00, 0x00, 
	0x50, 0x00, 0x00, 0x00, 0xE7, 0x01, 0x00, 0x00, 0x6A, 0x08, 0x00, 0x01, 
	0x59, 0x00, 0x00, 0x04, 0x46, 0x8E, 0x20, 0x00, 0x00, 0x00, 0x00, 0x00, 
	0x03, 0x00, 0x00, 0x00, 0x5A, 0x00, 0x00, 0x03, 0x00, 0x60, 0x10, 0x00, 
	0x00, 0x00, 0x00, 0x00, 0x58, 0x18, 0x00, 0x04, 0x00, 0x70, 0x10, 0x00, 
	0x00, 0x00, 0x00, 0x00, 0x55, 0x55, 0x00, 0x00, 0x64, 0x20, 0x00, 0x04, 
	0x32, 0x10, 0x10, 0x00, 0x00, 0x00, 0x00, 0x00, 0x01, 0x00, 0x00, 0x00, 
	0x62, 0x10, 0x00, 0x03, 0xF2, 0x10, 0x10, 0x00, 0x01, 0x00, 0x00, 0x00, 
	0x62, 0x10, 0x00, 0x03, 0x32, 0x10, 0x10, 0x00, 0x02, 0x00, 0x00, 0x00, 
	0x62, 0x10, 0x00, 0x03, 0xF2, 0x10, 0x10, 0x00, 0x03, 0x00, 0x00, 0x00, 
	0x62, 0x10, 0x00, 0x03, 0xF2, 0x10, 0x10, 0x00, 0x04, 0x00, 0x00, 0x00, 
	0x65, 0x00, 0x00, 0x03, 0xF2, 0x20, 0x10, 0x00, 0x00, 0x00, 0x00, 0x00, 
	0x68, 0x00, 0x00, 0x02, 0x03, 0x00, 0x00, 0x00, 0x00, 0x00, 0x00, 0x0A, 
	0x32, 0x00, 0x10, 0x00, 0x00, 0x00, 0x00, 0x00, 0x46, 0x80, 0x20, 0x80, 
	0x41, 0x00, 0x00, 0x00, 0x00, 0x00, 0x00, 0x00, 0x00, 0x00, 0x00, 0x00, 
	0xE6, 0x8A, 0x20, 0x00, 0x00, 0x00, 0x00, 0x00, 0x00, 0x00, 0x00, 0x00, 
	0x38, 0x00, 0x00, 0x0A, 0xC2, 0x00, 0x10, 0x00, 0x00, 0x00, 0x00, 0x00, 
	0x06, 0x04, 0x10, 0x00, 0x00, 0x00, 0x00, 0x00, 0x02, 0x40, 0x00, 0x00, 
	0x00, 0x00, 0x00, 0x00, 0x00, 0x00, 0x00, 0x00, 0x00, 0x00, 0x00, 0x3F, 
	0x00, 0x00, 0x00, 0x3F, 0x33, 0x00, 0x00, 0x07, 0x42, 0x00, 0x10, 0x00, 
	0x00, 0x00, 0x00, 0x00, 0x3A, 0x00, 0x10, 0x00, 0x00, 0x00, 0x00, 0x00, 
	0x2A, 0x00, 0x10, 0x00, 0x00, 0x00, 0x00, 0x00, 0x33, 0x00, 0x00, 0x08, 
	0xF2, 0x00, 0x10, 0x00, 0x01, 0x00, 0x00, 0x00, 0xA6, 0x0A, 0x10, 0x00, 
	0x00, 0x00, 0x00, 0x00, 0x46, 0x8E, 0x20, 0x00, 0x00, 0x00, 0x00, 0x00, 
	0x01, 0x00, 0x00, 0x00, 0x00, 0x00, 0x00, 0x08, 0xC2, 0x00, 0x10, 0x00, 
	0x00, 0x00, 0x00, 0x00, 0xF6, 0x0B, 0x10, 0x80, 0x41, 0x00, 0x00, 0x00, 
	0x01, 0x00, 0x00, 0x00, 0x06, 0x04, 0x10, 0x00, 0x01, 0x00, 0x00, 0x00, 
	0x00, 0x00, 0x00, 0x09, 0x32, 0x00, 0x10, 0x00, 0x01, 0x00, 0x00, 0x00, 
	0xE6, 0x8A, 0x20, 0x00, 0x00, 0x00, 0x00, 0x00, 0x00, 0x00, 0x00, 0x00, 
	0x46, 0x80, 0x20, 0x00, 0x00, 0x00, 0x00, 0x00, 0x00, 0x00, 0x00, 0x00, 
	0x32, 0x00, 0x00, 0x0D, 0x32, 0x00, 0x10, 0x00, 0x01, 0x00, 0x00, 0x00, 
	0x46, 0x00, 0x10, 0x80, 0x41, 0x00, 0x00, 0x00, 0x01, 0x00, 0x00, 0x00, 
	0x02, 0x40, 0x00, 0x00, 0x00, 0x00, 0x00, 0x3F, 0x00, 0x00, 0x00, 0x3F, 
	0x00, 0x00, 0x00, 0x00, 0x00, 0x00, 0x00, 0x00, 0x46, 0x10, 0x10, 0x00, 
	0x00, 0x00, 0x00, 0x00, 0x1D, 0x00, 0x00, 0x0A, 0x32, 0x00, 0x10, 0x00, 
	0x02, 0x00, 0x00, 0x00, 0x46, 0x00, 0x10, 0x00, 0x01, 0x00, 0x00, 0x00, 
	0x02, 0x40, 0x00, 0x00, 0x00, 0x00, 0x00, 0x00, 0x00, 0x00, 0x00, 0x00, 
	0x00, 0x00, 0x00, 0x00, 0x00, 0x00, 0x00, 0x00, 0x32, 0x00, 0x00, 0x0E, 
	0x32, 0x00, 0x10, 0x00, 0x00, 0x00, 0x00, 0x00, 0x46, 0x00, 0x10, 0x80, 
	0x41, 0x00, 0x00, 0x00, 0x00, 0x00, 0x00, 0x00, 0x02, 0x40, 0x00, 0x00, 
	0x00, 0x00, 0x00, 0x3F, 0x00, 0x00, 0x00, 0x3F, 0x00, 0x00, 0x00, 0x00, 
	0x00, 0x00, 0x00, 0x00, 0x46, 0x00, 0x10, 0x80, 0x81, 0x00, 0x00, 0x00, 
	0x01, 0x00, 0x00, 0x00, 0x01, 0x00, 0x00, 0x0A, 0x32, 0x00, 0x10, 0x00, 
	0x01, 0x00, 0x00, 0x00, 0x46, 0x00, 0x10, 0x00, 0x02, 0x00, 0x00, 0x00, 
	0x02, 0x40, 0x00, 0x00, 0x00, 0x00, 0x80, 0x3F, 0x00, 0x00, 0x80, 0x3F, 
	0x00, 0x00, 0x00, 0x00, 0x00, 0x00, 0x00, 0x00, 0x32, 0x00, 0x00, 0x09, 
	0xC2, 0x00, 0x10, 0x00, 0x00, 0x00, 0x00, 0x00, 0x06, 0x00, 0x10, 0x00, 
	0x01, 0x00, 0x00, 0x00, 0xA6, 0x0E, 0x10, 0x00, 0x00, 0x00, 0x00, 0x00, 
	0xF6, 0x0B, 0x10, 0x00, 0x01, 0x00, 0x00, 0x00, 0x00, 0x00, 0x00, 0x08, 
	0x82, 0x00, 0x10, 0x00, 0x00, 0x00, 0x00, 0x00, 0x2A, 0x00, 0x10, 0x80, 
	0x41, 0x00, 0x00, 0x00, 0x00, 0x00, 0x00, 0x00, 0x3A, 0x00, 0x10, 0x00, 
	0x00, 0x00, 0x00, 0x00, 0x32, 0x00, 0x00, 0x09, 0x42, 0x00, 0x10, 0x00, 
	0x00, 0x00, 0x00, 0x00, 0x1A, 0x00, 0x10, 0x00, 0x01, 0x00, 0x00, 0x00, 
	0x3A, 0x00, 0x10, 0x00, 0x00, 0x00, 0x00, 0x00, 0x2A, 0x00, 0x10, 0x00, 
	0x00, 0x00, 0x00, 0x00, 0x00, 0x00, 0x00, 0x07, 0x32, 0x00, 0x10, 0x00, 
	0x01, 0x00, 0x00, 0x00, 0xA6, 0x0A, 0x10, 0x00, 0x00, 0x00, 0x00, 0x00, 
	0x46, 0x00, 0x10, 0x00, 0x00, 0x00, 0x00, 0x00, 0x34, 0x00, 0x00, 0x07, 
	0x12, 0x00, 0x10, 0x00, 0x00, 0x00, 0x00, 0x00, 0x1A, 0x00, 0x10, 0x00, 
	0x00, 0x00, 0x00, 0x00, 0x0A, 0x00, 0x10, 0x00, 0x00, 0x00, 0x00, 0x00, 
	0x34, 0x00, 0x00, 0x0A, 0xA2, 0x00, 0x10, 0x00, 0x00, 0x00, 0x00, 0x00, 
	0x06, 0x04, 0x10, 0x00, 0x01, 0x00, 0x00, 0x00, 0x02, 0x40, 0x00, 0x00, 
	0x00, 0x00, 0x00, 0x00, 0x00, 0x00, 0x00, 0x00, 0x00, 0x00, 0x00, 0x00, 
	0x00, 0x00, 0x00, 0x00, 0x34, 0x00, 0x00, 0x07, 0x12, 0x00, 0x10, 0x00, 
	0x01, 0x00, 0x00, 0x00, 0x1A, 0x00, 0x10, 0x00, 0x01, 0x00, 0x00, 0x00, 
	0x0A, 0x00, 0x10, 0x00, 0x01, 0x00, 0x00, 0x00, 0x33, 0x00, 0x00, 0x07, 
	0x12, 0x00, 0x10, 0x00, 0x01, 0x00, 0x00, 0x00, 0x0A, 0x00, 0x10, 0x00, 
	0x01, 0x00, 0x00, 0x00, 0x01, 0x40, 0x00, 0x00, 0x00, 0x00, 0x00, 0x00, 
	0x0F, 0x00, 0x00, 0x07, 0x22, 0x00, 0x10, 0x00, 0x00, 0x00, 0x00, 0x00, 
	0xD6, 0x05, 0x10, 0x00, 0x00, 0x00, 0x00, 0x00, 0xD6, 0x05, 0x10, 0x00, 
	0x00, 0x00, 0x00, 0x00, 0x4B, 0x00, 0x00, 0x05, 0x22, 0x00, 0x10, 0x00, 
	0x00, 0x00, 0x00, 0x00, 0x1A, 0x00, 0x10, 0x00, 0x00, 0x00, 0x00, 0x00, 
	0x00, 0x00, 0x00, 0x07, 0x22, 0x00, 0x10, 0x00, 0x00, 0x00, 0x00, 0x00, 
	0x1A, 0x00, 0x10, 0x00, 0x00, 0x00, 0x00, 0x00, 0x0A, 0x00, 0x10, 0x00, 
	0x01, 0x00, 0x00, 0x00, 0x00, 0x00, 0x00, 0x08, 0x22, 0x00, 0x10, 0x00, 
	0x00, 0x00, 0x00, 0x00, 0x2A, 0x00, 0x10, 0x80, 0x41, 0x00, 0x00, 0x00, 
	0x00, 0x00, 0x00, 0x00, 0x1A, 0x00, 0x10, 0x00, 0x00, 0x00, 0x00, 0x00, 
	0x31, 0x00, 0x00, 0x07, 0x42, 0x00, 0x10, 0x00, 0x00, 0x00, 0x00, 0x00, 
	0x01, 0x40, 0x00, 0x00, 0x6F, 0x12, 0x83, 0x3A, 0x2A, 0x00, 0x10, 0x00, 
	0x00, 0x00, 0x00, 0x00, 0x37, 0x00, 0x00, 0x09, 0x12, 0x00, 0x10, 0x00, 
	0x00, 0x00, 0x00, 0x00, 0x2A, 0x00, 0x10, 0x00, 0x00, 0x00, 0x00, 0x00, 
	0x1A, 0x00, 0x10, 0x00, 0x00, 0x00, 0x00, 0x00, 0x0A, 0x00, 0x10, 0x00, 
	0x00, 0x00, 0x00, 0x00, 0x00, 0x20, 0x00, 0x08, 0x12, 0x00, 0x10, 0x00, 
	0x00, 0x00, 0x00, 0x00, 0x0A, 0x00, 0x10, 0x80, 0x41, 0x00, 0x00, 0x00, 
	0x00, 0x00, 0x00, 0x00, 0x01, 0x40, 0x00, 0x00, 0x00, 0x00, 0x00, 0x3F, 
	0x1D, 0x00, 0x00, 0x08, 0x22, 0x00, 0x10, 0x00, 0x00, 0x00, 0x00, 0x00, 
	0x0A, 0x80, 0x20, 0x00, 0x00, 0x00, 0x00, 0x00, 0x02, 0x00, 0x00, 0x00, 
	0x01, 0x40, 0x00, 0x00, 0x00, 0x00, 0x00, 0x3F, 0x37, 0x00, 0x00, 0x09, 
	0x12, 0x00, 0x10, 0x00, 0x00, 0x00, 0x00, 0x00, 0x1A, 0x00, 0x10, 0x00, 
	0x00, 0x00, 0x00, 0x00, 0x0A, 0x00, 0x10, 0x00, 0x00, 0x00, 0x00, 0x00, 
	0x01, 0x40, 0x00, 0x00, 0x00, 0x00, 0x80, 0x3F, 0x38, 0x00, 0x00, 0x0A, 
	0x62, 0x00, 0x10, 0x00, 0x00, 0x00, 0x00, 0x00, 0x06, 0x11, 0x10, 0x00, 
	0x03, 0x00, 0x00, 0x00, 0x02, 0x40, 0x00, 0x00, 0x00, 0x00, 0x00, 0x00, 
	0x00, 0x00, 0x00, 0x3F, 0x00, 0x00, 0x00, 0x3F, 0x00, 0x00, 0x00, 0x00, 
	0x33, 0x00, 0x00, 0x07, 0x22, 0x00, 0x10, 0x00, 0x00, 0x00, 0x00, 0x00, 
	0x2A, 0x00, 0x10, 0x00, 0x00, 0x00, 0x00, 0x00, 0x1A, 0x00, 0x10, 0x00, 
	0x00, 0x00, 0x00, 0x00, 0x33, 0x00, 0x00, 0x07, 0xF2, 0x00, 0x10, 0x00, 
	0x01, 0x00, 0x00, 0x00, 0x56, 0x05, 0x10, 0x00, 0x00, 0x00, 0x00, 0x00, 
	0x46, 0x1E, 0x10, 0x00, 0x04, 0x00, 0x00, 0x00, 0x00, 0x00, 0x00, 0x08, 
	0x62, 0x00, 0x10, 0x00, 0x00, 0x00, 0x00, 0x00, 0xF6, 0x0E, 0x10, 0x80, 
	0x41, 0x00, 0x00, 0x00, 0x01, 0x00, 0x00, 0x00, 0x06, 0x01, 0x10, 0x00, 
	0x01, 0x00, 0x00, 0x00, 0x1D, 0x00, 0x00, 0x0A, 0x32, 0x00, 0x10, 0x00, 
	0x01, 0x00, 0x00, 0x00, 0xE6, 0x1A, 0x10, 0x00, 0x03, 0x00, 0x00, 0x00, 
	0x02, 0x40, 0x00, 0x00, 0x00, 0x00, 0x00, 0x00, 0x00, 0x00, 0x00, 0x00, 
	0x00, 0x00, 0x00, 0x00, 0x00, 0x00, 0x00, 0x00, 0x01, 0x00, 0x00, 0x0A, 
	0x32, 0x00, 0x10, 0x00, 0x01, 0x00, 0x00, 0x00, 0x46, 0x00, 0x10, 0x00, 
	0x01, 0x00, 0x00, 0x00, 0x02, 0x40, 0x00, 0x00, 0x00, 0x00, 0x80, 0x3F, 
	0x00, 0x00, 0x80, 0x3F, 0x00, 0x00, 0x00, 0x00, 0x00, 0x00, 0x00, 0x00, 
	0x32, 0x00, 0x00, 0x09, 0x62, 0x00, 0x10, 0x00, 0x00, 0x00, 0x00, 0x00, 
	0x06, 0x00, 0x10, 0x00, 0x01, 0x00, 0x00, 0x00, 0x56, 0x06, 0x10, 0x00, 
	0x00, 0x00, 0x00, 0x00, 0xF6, 0x0E, 0x10, 0x00, 0x01, 0x00, 0x00, 0x00, 
	0x00, 0x00, 0x00, 0x08, 0x42, 0x00, 0x10, 0x00, 0x00, 0x00, 0x00, 0x00, 
	0x1A, 0x00, 0x10, 0x80, 0x41, 0x00, 0x00, 0x00, 0x00, 0x00, 0x00, 0x00, 
	0x2A, 0x00, 0x10, 0x00, 0x00, 0x00, 0x00, 0x00, 0x32, 0x00, 0x00, 0x09, 
	0x22, 0x00, 0x10, 0x00, 0x00, 0x00, 0x00, 0x00, 0x1A, 0x00, 0x10, 0x00, 
	0x01, 0x00, 0x00, 0x00, 0x2A, 0x00, 0x10, 0x00, 0x00, 0x00, 0x00, 0x00, 
	0x1A, 0x00, 0x10, 0x00, 0x00, 0x00, 0x00, 0x00, 0x32, 0x00, 0x00, 0x0E, 
	0xC2, 0x00, 0x10, 0x00, 0x00, 0x00, 0x00, 0x00, 0x06, 0x14, 0x10, 0x80, 
	0x41, 0x00, 0x00, 0x00, 0x03, 0x00, 0x00, 0x00, 0x02, 0x40, 0x00, 0x00, 
	0x00, 0x00, 0x00, 0x00, 0x00, 0x00, 0x00, 0x00, 0x00, 0x00, 0x00, 0x3F, 
	0x00, 0x00, 0x00, 0x3F, 0xA6, 0x1E, 0x10, 0x80, 0x81, 0x00, 0x00, 0x00, 
	0x03, 0x00, 0x00, 0x00, 0x00, 0x00, 0x00, 0x07, 0x32, 0x00, 0x10, 0x00, 
	0x01, 0x00, 0x00, 0x00, 0x56, 0x05, 0x10, 0x00, 0x00, 0x00, 0x00, 0x00, 
	0xE6, 0x0A, 0x10, 0x00, 0x00, 0x00, 0x00, 0x00, 0x34, 0x00, 0x00, 0x07, 
	0x42, 0x00, 0x10, 0x00, 0x00, 0x00, 0x00, 0x00, 0x3A, 0x00, 0x10, 0x00, 
	0x00, 0x00, 0x00, 0x00, 0x2A, 0x00, 0x10, 0x00, 0x00, 0x00, 0x00, 0x00, 
	0x34, 0x00, 0x00, 0x0A, 0xC2, 0x00, 0x10, 0x00, 0x01, 0x00, 0x00, 0x00, 
	0x06, 0x04, 0x10, 0x00, 0x01, 0x00, 0x00, 0x00, 0x02, 0x40, 0x00, 0x00, 
	0x00, 0x00, 0x00, 0x00, 0x00, 0x00, 0x00, 0x00, 0x00, 0x00, 0x00, 0x00, 
	0x00, 0x00, 0x00, 0x00, 0x34, 0x00, 0x00, 0x07, 0x82, 0x00, 0x10, 0x00, 
	0x00, 0x00, 0x00, 0x00, 0x1A, 0x00, 0x10, 0x00, 0x01, 0x00, 0x00, 0x00, 
	0x0A, 0x00, 0x10, 0x00, 0x01, 0x00, 0x00, 0x00, 0x33, 0x00, 0x00, 0x07, 
	0x82, 0x00, 0x10, 0x00, 0x00, 0x00, 0x00, 0x00, 0x3A, 0x00, 0x10, 0x00, 
	0x00, 0x00, 0x00, 0x00, 0x01, 0x40, 0x00, 0x00, 0x00, 0x00, 0x00, 0x00, 
	0x0F, 0x00, 0x00, 0x07, 0x12, 0x00, 0x10, 0x00, 0x01, 0x00, 0x00, 0x00, 
	0xE6, 0x0A, 0x10, 0x00, 0x01, 0x00, 0x00, 0x00, 0xE6, 0x0A, 0x10, 0x00, 
	0x01, 0x00, 0x00, 0x00, 0x4B, 0x00, 0x00, 0x05, 0x12, 0x00, 0x10, 0x00, 
	0x01, 0x00, 0x00, 0x00, 0x0A, 0x00, 0x10, 0x00, 0x01, 0x00, 0x00, 0x00, 
	0x00, 0x00, 0x00, 0x07, 0x82, 0x00, 0x10, 0x00, 0x00, 0x00, 0x00, 0x00, 
	0x3A, 0x00, 0x10, 0x00, 0x00, 0x00, 0x00, 0x00, 0x0A, 0x00, 0x10, 0x00, 
	0x01, 0x00, 0x00, 0x00, 0x00, 0x00, 0x00, 0x08, 0x82, 0x00, 0x10, 0x00, 
	0x00, 0x00, 0x00, 0x00, 0x1A, 0x00, 0x10, 0x80, 0x41, 0x00, 0x00, 0x00, 
	0x00, 0x00, 0x00, 0x00, 0x3A, 0x00, 0x10, 0x00, 0x00, 0x00, 0x00, 0x00, 
	0x31, 0x00, 0x00, 0x07, 0x22, 0x00, 0x10, 0x00, 0x00, 0x00, 0x00, 0x00, 
	0x01, 0x40, 0x00, 0x00, 0x6F, 0x12, 0x83, 0x3A, 0x1A, 0x00, 0x10, 0x00, 
	0x00, 0x00, 0x00, 0x00, 0x37, 0x00, 0x00, 0x09, 0x22, 0x00, 0x10, 0x00, 
	0x00, 0x00, 0x00, 0x00, 0x1A, 0x00, 0x10, 0x00, 0x00, 0x00, 0x00, 0x00, 
	0x3A, 0x00, 0x10, 0x00, 0x00, 0x00, 0x00, 0x00, 0x2A, 0x00, 0x10, 0x00, 
	0x00, 0x00, 0x00, 0x00, 0x00, 0x20, 0x00, 0x08, 0x22, 0x00, 0x10, 0x00, 
	0x00, 0x00, 0x00, 0x00, 0x1A, 0x00, 0x10, 0x80, 0x41, 0x00, 0x00, 0x00, 
	0x00, 0x00, 0x00, 0x00, 0x01, 0x40, 0x00, 0x00, 0x00, 0x00, 0x00, 0x3F, 
	0x45, 0x00, 0x00, 0x8B, 0xC2, 0x00, 0x00, 0x80, 0x43, 0x55, 0x15, 0x00, 
	0xF2, 0x00, 0x10, 0x00, 0x01, 0x00, 0x00, 0x00, 0x46, 0x10, 0x10, 0x00, 
	0x02, 0x00, 0x00, 0x00, 0x46, 0x7E, 0x10, 0x00, 0x00, 0x00, 0x00, 0x00, 
	0x00, 0x60, 0x10, 0x00, 0x00, 0x00, 0x00, 0x00, 0x38, 0x00, 0x00, 0x07, 
	0x42, 0x00, 0x10, 0x00, 0x00, 0x00, 0x00, 0x00, 0x3A, 0x00, 0x10, 0x00, 
	0x01, 0x00, 0x00, 0x00, 0x3A, 0x10, 0x10, 0x00, 0x01, 0x00, 0x00, 0x00, 
	0x38, 0x00, 0x00, 0x07, 0x72, 0x20, 0x10, 0x00, 0x00, 0x00, 0x00, 0x00, 
	0x46, 0x02, 0x10, 0x00, 0x01, 0x00, 0x00, 0x00, 0x46, 0x12, 0x10, 0x00, 
	0x01, 0x00, 0x00, 0x00, 0x38, 0x00, 0x00, 0x07, 0x22, 0x00, 0x10, 0x00, 
	0x00, 0x00, 0x00, 0x00, 0x1A, 0x00, 0x10, 0x00, 0x00, 0x00, 0x00, 0x00, 
	0x2A, 0x00, 0x10, 0x00, 0x00, 0x00, 0x00, 0x00, 0x38, 0x00, 0x00, 0x07, 
	0x82, 0x20, 0x10, 0x00, 0x00, 0x00, 0x00, 0x00, 0x0A, 0x00, 0x10, 0x00, 
	0x00, 0x00, 0x00, 0x00, 0x1A, 0x00, 0x10, 0x00, 0x00, 0x00, 0x00, 0x00, 
	0x3E, 0x00, 0x00, 0x01, 0x53, 0x54, 0x41, 0x54, 0x94, 0x00, 0x00, 0x00, 
	0x37, 0x00, 0x00, 0x00, 0x03, 0x00, 0x00, 0x00, 0x00, 0x00, 0x00, 0x00, 
	0x06, 0x00, 0x00, 0x00, 0x30, 0x00, 0x00, 0x00, 0x00, 0x00, 0x00, 0x00, 
	0x02, 0x00, 0x00, 0x00, 0x01, 0x00, 0x00, 0x00, 0x00, 0x00, 0x00, 0x00, 
	0x00, 0x00, 0x00, 0x00, 0x00, 0x00, 0x00, 0x00, 0x00, 0x00, 0x00, 0x00, 
	0x00, 0x00, 0x00, 0x00, 0x00, 0x00, 0x00, 0x00, 0x01, 0x00, 0x00, 0x00, 
	0x00, 0x00, 0x00, 0x00, 0x00, 0x00, 0x00, 0x00, 0x00, 0x00, 0x00, 0x00, 
	0x00, 0x00, 0x00, 0x00, 0x00, 0x00, 0x00, 0x00, 0x03, 0x00, 0x00, 0x00, 
	0x00, 0x00, 0x00, 0x00, 0x00, 0x00, 0x00, 0x00, 0x00, 0x00, 0x00, 0x00, 
	0x00, 0x00, 0x00, 0x00, 0x00, 0x00, 0x00, 0x00, 0x00, 0x00, 0x00, 0x00, 
	0x00, 0x00, 0x00, 0x00, 0x00, 0x00, 0x00, 0x00, 0x00, 0x00, 0x00, 0x00, 
	0x00, 0x00, 0x00, 0x00, 0x00, 0x00, 0x00, 0x00, 0x00, 0x00, 0x00, 0x00, 
	0x00, 0x00, 0x00, 0x00, 0x00, 0x00, 0x00, 0x00, 0x00, 0x00, 0x00, 0x00, 
	0x00, 0x00, 0x00, 0x00, 0x52, 0x54, 0x53, 0x30, 0x90, 0x00, 0x00, 0x00, 
	0x02, 0x00, 0x00, 0x00, 0x02, 0x00, 0x00, 0x00, 0x18, 0x00, 0x00, 0x00, 
	0x01, 0x00, 0x00, 0x00, 0x5C, 0x00, 0x00, 0x00, 0x01, 0x00, 0x00, 0x00, 
	0x01, 0x00, 0x00, 0x00, 0x05, 0x00, 0x00, 0x00, 0x30, 0x00, 0x00, 0x00, 
	0x00, 0x00, 0x00, 0x00, 0x05, 0x00, 0x00, 0x00, 0x3C, 0x00, 0x00, 0x00, 
	0x00, 0x00, 0x00, 0x00, 0x00, 0x00, 0x00, 0x00, 0x0C, 0x00, 0x00, 0x00, 
	0x01, 0x00, 0x00, 0x00, 0x44, 0x00, 0x00, 0x00, 0x00, 0x00, 0x00, 0x00, 
	0x01, 0x00, 0x00, 0x00, 0x00, 0x00, 0x00, 0x00, 0x00, 0x00, 0x00, 0x00, 
	0x00, 0x00, 0x00, 0x00, 0xFF, 0xFF, 0xFF, 0xFF, 0x15, 0x00, 0x00, 0x00, 
	0x03, 0x00, 0x00, 0x00, 0x03, 0x00, 0x00, 0x00, 0x03, 0x00, 0x00, 0x00, 
	0x00, 0x00, 0x00, 0x00, 0x10, 0x00, 0x00, 0x00, 0x04, 0x00, 0x00, 0x00, 
	0x02, 0x00, 0x00, 0x00, 0x00, 0x00, 0x00, 0x00, 0xFF, 0xFF, 0x7F, 0x7F, 
	0x00, 0x00, 0x00, 0x00, 0x00, 0x00, 0x00, 0x00, 0x05, 0x00, 0x00, 0x00
};

constexpr static array_t<cstd::byte, 5172> d3d12_text_shadow_pixel_shader = {
	0x44, 0x58, 0x42, 0x43, 0x16, 0x70, 0xC6, 0xC7, 0xEA, 0x09, 0x5F, 0x7A, 
	0x3F, 0x76, 0xF7, 0x69, 0xC1, 0x7D, 0xA3, 0x97, 0x01, 0x00, 0x00, 0x00, 
	0x34, 0x14, 0x00, 0x00, 0x06, 0x00, 0x00, 0x00, 0x38, 0x00, 0x00, 0x00, 
	0xE0, 0x02, 0x00, 0x00, 0x84, 0x03, 0x00, 0x00, 0xB8, 0x03, 0x00, 0x00, 
	0x00, 0x13, 0x00, 0x00, 0x9C, 0x13, 0x00, 0x00, 0x52, 0x44, 0x45, 0x46, 
	0xA0, 0x02, 0x00, 0x00, 0x01, 0x00, 0x00, 0x00, 0xB8, 0x00, 0x00, 0x00, 
	0x03, 0x00, 0x00, 0x00, 0x3C, 0x00, 0x00, 0x00, 0x00, 0x05, 0xFF, 0xFF, 
	0x00, 0x01, 0x00, 0x00, 0x78, 0x02, 0x00, 0x00, 0x52, 0x44, 0x31, 0x31, 
	0x3C, 0x00, 0x00, 0x00, 0x18, 0x00, 0x00, 0x00, 0x20, 0x00, 0x00, 0x00, 
	0x28, 0x00, 0x00, 0x00, 0x24, 0x00, 0x00, 0x00, 0x0C, 0x00, 0x00, 0x00, 
	0x00, 0x00, 0x00, 0x00, 0x9C, 0x00, 0x00, 0x00, 0x03, 0x00, 0x00, 0x00, 
	0x00, 0x00, 0x00, 0x00, 0x00, 0x00, 0x00, 0x00, 0x00, 0x00, 0x00, 0x00, 
	0x00, 0x00, 0x00, 0x00, 0x01, 0x00, 0x00, 0x00, 0x01, 0x00, 0x00, 0x00, 
	0xA3, 0x00, 0x00, 0x00, 0x02, 0x00, 0x00, 0x00, 0x05, 0x00, 0x00, 0x00, 
	0x04, 0x00, 0x00, 0x00, 0xFF, 0xFF, 0xFF, 0xFF, 0x00, 0x00, 0x00, 0x00, 
	0x01, 0x00, 0x00, 0x00, 0x0D, 0x00, 0x00, 0x00, 0xA9, 0x00, 0x00, 0x00, 
	0x00, 0x00, 0x00, 0x00, 0x00, 0x00, 0x00, 0x00, 0x00, 0x00, 0x00, 0x00, 
	0x00, 0x00, 0x00, 0x00, 0x00, 0x00, 0x00, 0x00, 0x01, 0x00, 0x00, 0x00, 
	0x01, 0x00, 0x00, 0x00, 0x73, 0x61, 0x6D, 0x70, 0x6C, 0x72, 0x00, 0x74, 
	0x65, 0x78, 0x74, 0x72, 0x00, 0x63, 0x6C, 0x69, 0x70, 0x5F, 0x62, 0x75, 
	0x66, 0x66, 0x65, 0x72, 0x00, 0xAB, 0xAB, 0xAB, 0xA9, 0x00, 0x00, 0x00, 
	0x05, 0x00, 0x00, 0x00, 0xD0, 0x00, 0x00, 0x00, 0x30, 0x00, 0x00, 0x00, 
	0x00, 0x00, 0x00, 0x00, 0x00, 0x00, 0x00, 0x00, 0x98, 0x01, 0x00, 0x00, 
	0x00, 0x00, 0x00, 0x00, 0x08, 0x00, 0x00, 0x00, 0x02, 0x00, 0x00, 0x00, 
	0xA8, 0x01, 0x00, 0x00, 0x00, 0x00, 0x00, 0x00, 0xFF, 0xFF, 0xFF, 0xFF, 
	0x00, 0x00, 0x00, 0x00, 0xFF, 0xFF, 0xFF, 0xFF, 0x00, 0x00, 0x00, 0x00, 
	0xCC, 0x01, 0x00, 0x00, 0x08, 0x00, 0x00, 0x00, 0x08, 0x00, 0x00, 0x00, 
	0x02, 0x00, 0x00, 0x00, 0xA8, 0x01, 0x00, 0x00, 0x00, 0x00, 0x00, 0x00, 
	0xFF, 0xFF, 0xFF, 0xFF, 0x00, 0x00, 0x00, 0x00, 0xFF, 0xFF, 0xFF, 0xFF, 
	0x00, 0x00, 0x00, 0x00, 0xD5, 0x01, 0x00, 0x00, 0x10, 0x00, 0x00, 0x00, 
	0x10, 0x00, 0x00, 0x00, 0x02, 0x00, 0x00, 0x00, 0xE8, 0x01, 0x00, 0x00, 
	0x00, 0x00, 0x00, 0x00, 0xFF, 0xFF, 0xFF, 0xFF, 0x00, 0x00, 0x00, 0x00, 
	0xFF, 0xFF, 0xFF, 0xFF, 0x00, 0x00, 0x00, 0x00, 0x0C, 0x02, 0x00, 0x00, 
	0x20, 0x00, 0x00, 0x00, 0x04, 0x00, 0x00, 0x00, 0x02, 0x00, 0x00, 0x00, 
	0x20, 0x02, 0x00, 0x00, 0x00, 0x00, 0x00, 0x00, 0xFF, 0xFF, 0xFF, 0xFF, 
	0x00, 0x00, 0x00, 0x00, 0xFF, 0xFF, 0xFF, 0xFF, 0x00, 0x00, 0x00, 0x00, 
	0x44, 0x02, 0x00, 0x00, 0x24, 0x00, 0x00, 0x00, 0x0C, 0x00, 0x00, 0x00, 
	0x00, 0x00, 0x00, 0x00, 0x54, 0x02, 0x00, 0x00, 0x00, 0x00, 0x00, 0x00, 
	0xFF, 0xFF, 0xFF, 0xFF, 0x00, 0x00, 0x00, 0x00, 0xFF, 0xFF, 0xFF, 0xFF, 
	0x00, 0x00, 0x00, 0x00, 0x63, 0x6C, 0x69, 0x70, 0x5F, 0x6D, 0x69, 0x6E, 
	0x00, 0x66, 0x6C, 0x6F, 0x61, 0x74, 0x32, 0x00, 0x01, 0x00, 0x03, 0x00, 
	0x01, 0x00, 0x02, 0x00, 0x00, 0x00, 0x00, 0x00, 0x00, 0x00, 0x00, 0x00, 
	0x00, 0x00, 0x00, 0x00, 0x00, 0x00, 0x00, 0x00, 0x00, 0x00, 0x00, 0x00, 
	0x00, 0x00, 0x00, 0x00, 0xA1, 0x01, 0x00, 0x00, 0x63, 0x6C, 0x69, 0x70, 
	0x5F, 0x6D, 0x61, 0x78, 0x00, 0x63, 0x6C, 0x69, 0x70, 0x5F, 0x72, 0x61, 
	0x64, 0x69, 0x69, 0x00, 0x66, 0x6C, 0x6F, 0x61, 0x74, 0x34, 0x00, 0xAB, 
	0x01, 0x00, 0x03, 0x00, 0x01, 0x00, 0x04, 0x00, 0x00, 0x00, 0x00, 0x00, 
	0x00, 0x00, 0x00, 0x00, 0x00, 0x00, 0x00, 0x00, 0x00, 0x00, 0x00, 0x00, 
	0x00, 0x00, 0x00, 0x00, 0x00, 0x00, 0x00, 0x00, 0xE0, 0x01, 0x00, 0x00, 
	0x63, 0x6C, 0x69, 0x70, 0x5F, 0x65, 0x6E, 0x61, 0x62, 0x6C, 0x65, 0x64, 
	0x00, 0x66, 0x6C, 0x6F, 0x61, 0x74, 0x00, 0xAB, 0x00, 0x00, 0x03, 0x00, 
	0x01, 0x00, 0x01, 0x00, 0x00, 0x00, 0x00, 0x00, 0x00, 0x00, 0x00, 0x00, 
	0x00, 0x00, 0x00, 0x00, 0x00, 0x00, 0x00, 0x00, 0x00, 0x00, 0x00, 0x00, 
	0x00, 0x00, 0x00, 0x00, 0x19, 0x02, 0x00, 0x00, 0x5F, 0x70, 0x61, 0x64, 
	0x64, 0x69, 0x6E, 0x67, 0x00, 0x66, 0x6C, 0x6F, 0x61, 0x74, 0x33, 0x00, 
	0x01, 0x00, 0x03, 0x00, 0x01, 0x00, 0x03, 0x00, 0x00, 0x00, 0x00, 0x00, 
	0x00, 0x00, 0x00, 0x00, 0x00, 0x00, 0x00, 0x00, 0x00, 0x00, 0x00, 0x00, 
	0x00, 0x00, 0x00, 0x00, 0x00, 0x00, 0x00, 0x00, 0x4D, 0x02, 0x00, 0x00, 
	0x4D, 0x69, 0x63, 0x72, 0x6F, 0x73, 0x6F, 0x66, 0x74, 0x20, 0x28, 0x52, 
	0x29, 0x20, 0x48, 0x4C, 0x53, 0x4C, 0x20, 0x53, 0x68, 0x61, 0x64, 0x65, 
	0x72, 0x20, 0x43, 0x6F, 0x6D, 0x70, 0x69, 0x6C, 0x65, 0x72, 0x20, 0x31, 
	0x30, 0x2E, 0x31, 0x00, 0x49, 0x53, 0x47, 0x4E, 0x9C, 0x00, 0x00, 0x00, 
	0x05, 0x00, 0x00, 0x00, 0x08, 0x00, 0x00, 0x00, 0x80, 0x00, 0x00, 0x00, 
	0x00, 0x00, 0x00, 0x00, 0x01, 0x00, 0x00, 0x00, 0x03, 0x00, 0x00, 0x00, 
	0x00, 0x00, 0x00, 0x00, 0x0F, 0x03, 0x00, 0x00, 0x8C, 0x00, 0x00, 0x00, 
	0x00, 0x00, 0x00, 0x00, 0x00, 0x00, 0x00, 0x00, 0x03, 0x00, 0x00, 0x00, 
	0x01, 0x00, 0x00, 0x00, 0x0F, 0x0F, 0x00, 0x00, 0x92, 0x00, 0x00, 0x00, 
	0x00, 0x00, 0x00, 0x00, 0x00, 0x00, 0x00, 0x00, 0x03, 0x00, 0x00, 0x00, 
	0x02, 0x00, 0x00, 0x00, 0x03, 0x03, 0x00, 0x00, 0x92, 0x00, 0x00, 0x00, 
	0x01, 0x00, 0x00, 0x00, 0x00, 0x00, 0x00, 0x00, 0x03, 0x00, 0x00, 0x00, 
	0x03, 0x00, 0x00, 0x00, 0x0F, 0x0F, 0x00, 0x00, 0x92, 0x00, 0x00, 0x00, 
	0x02, 0x00, 0x00, 0x00, 0x00, 0x00, 0x00, 0x00, 0x03, 0x00, 0x00, 0x00, 
	0x04, 0x00, 0x00, 0x00, 0x0F, 0x0F, 0x00, 0x00, 0x53, 0x56, 0x5F, 0x50, 
	0x4F, 0x53, 0x49, 0x54, 0x49, 0x4F, 0x4E, 0x00, 0x43, 0x4F, 0x4C, 0x4F, 
	0x52, 0x00, 0x54, 0x45, 0x58, 0x43, 0x4F, 0x4F, 0x52, 0x44, 0x00, 0xAB, 
	0x4F, 0x53, 0x47, 0x4E, 0x2C, 0x00, 0x00, 0x00, 0x01, 0x00, 0x00, 0x00, 
	0x08, 0x00, 0x00, 0x00, 0x20, 0x00, 0x00, 0x00, 0x00, 0x00, 0x00, 0x00, 
	0x00, 0x00, 0x00, 0x00, 0x03, 0x00, 0x00, 0x00, 0x00, 0x00, 0x00, 0x00, 
	0x0F, 0x00, 0x00, 0x00, 0x53, 0x56, 0x5F, 0x54, 0x41, 0x52, 0x47, 0x45, 
	0x54, 0x00, 0xAB, 0xAB, 0x53, 0x48, 0x45, 0x58, 0x40, 0x0F, 0x00, 0x00, 
	0x50, 0x00, 0x00, 0x00, 0xD0, 0x03, 0x00, 0x00, 0x6A, 0x08, 0x00, 0x01, 
	0x59, 0x00, 0x00, 0x04, 0x46, 0x8E, 0x20, 0x00, 0x00, 0x00, 0x00, 0x00, 
	0x03, 0x00, 0x00, 0x00, 0x5A, 0x00, 0x00, 0x03, 0x00, 0x60, 0x10, 0x00, 
	0x00, 0x00, 0x00, 0x00, 0x58, 0x18, 0x00, 0x04, 0x00, 0x70, 0x10, 0x00, 
	0x00, 0x00, 0x00, 0x00, 0x55, 0x55, 0x00, 0x00, 0x64, 0x20, 0x00, 0x04, 
	0x32, 0x10, 0x10, 0x00, 0x00, 0x00, 0x00, 0x00, 0x01, 0x00, 0x00, 0x00, 
	0x62, 0x10, 0x00, 0x03, 0xF2, 0x10, 0x10, 0x00, 0x01, 0x00, 0x00, 0x00, 
	0x62, 0x10, 0x00, 0x03, 0x32, 0x10, 0x10, 0x00, 0x02, 0x00, 0x00, 0x00, 
	0x62, 0x10, 0x00, 0x03, 0xF2, 0x10, 0x10, 0x00, 0x03, 0x00, 0x00, 0x00, 
	0x62, 0x10, 0x00, 0x03, 0xF2, 0x10, 0x10, 0x00, 0x04, 0x00, 0x00, 0x00, 
	0x65, 0x00, 0x00, 0x03, 0xF2, 0x20, 0x10, 0x00, 0x00, 0x00, 0x00, 0x00, 
	0x68, 0x00, 0x00, 0x02, 0x05, 0x00, 0x00, 0x00, 0x42, 0x00, 0x00, 0x05, 
	0x12, 0x00, 0x10, 0x00, 0x00, 0x00, 0x00, 0x00, 0x0A, 0x10, 0x10, 0x00, 
	0x03, 0x00, 0x00, 0x00, 0x1B, 0x00, 0x00, 0x05, 0x12, 0x00, 0x10, 0x00, 
	0x00, 0x00, 0x00, 0x00, 0x0A, 0x00, 0x10, 0x00, 0x00, 0x00, 0x00, 0x00, 
	0x21, 0x00, 0x00, 0x07, 0x22, 0x00, 0x10, 0x00, 0x00, 0x00, 0x00, 0x00, 
	0x01, 0x40, 0x00, 0x00, 0x00, 0x00, 0x00, 0x00, 0x0A, 0x00, 0x10, 0x00, 
	0x00, 0x00, 0x00, 0x00, 0x1F, 0x00, 0x04, 0x03, 0x1A, 0x00, 0x10, 0x00, 
	0x00, 0x00, 0x00, 0x00, 0x31, 0x00, 0x00, 0x07, 0x62, 0x00, 0x10, 0x00, 
	0x00, 0x00, 0x00, 0x00, 0x06, 0x11, 0x10, 0x00, 0x02, 0x00, 0x00, 0x00, 
	0x06, 0x11, 0x10, 0x00, 0x04, 0x00, 0x00, 0x00, 0x31, 0x00, 0x00, 0x07, 
	0x32, 0x00, 0x10, 0x00, 0x01, 0x00, 0x00, 0x00, 0xE6, 0x1A, 0x10, 0x00, 
	0x04, 0x00, 0x00, 0x00, 0x46, 0x10, 0x10, 0x00, 0x02, 0x00, 0x00, 0x00, 
	0x3C, 0x00, 0x00, 0x07, 0x22, 0x00, 0x10, 0x00, 0x00, 0x00, 0x00, 0x00, 
	0x1A, 0x00, 0x10, 0x00, 0x00, 0x00, 0x00, 0x00, 0x0A, 0x00, 0x10, 0x00, 
	0x01, 0x00, 0x00, 0x00, 0x3C, 0x00, 0x00, 0x07, 0x22, 0x00, 0x10, 0x00, 
	0x00, 0x00, 0x00, 0x00, 0x2A, 0x00, 0x10, 0x00, 0x00, 0x00, 0x00, 0x00, 
	0x1A, 0x00, 0x10, 0x00, 0x00, 0x00, 0x00, 0x00, 0x3C, 0x00, 0x00, 0x07, 
	0x22, 0x00, 0x10, 0x00, 0x00, 0x00, 0x00, 0x00, 0x1A, 0x00, 0x10, 0x00, 
	0x01, 0x00, 0x00, 0x00, 0x1A, 0x00, 0x10, 0x00, 0x00, 0x00, 0x00, 0x00, 
	0x1F, 0x00, 0x04, 0x03, 0x1A, 0x00, 0x10, 0x00, 0x00, 0x00, 0x00, 0x00, 
	0x36, 0x00, 0x00, 0x08, 0xF2, 0x20, 0x10, 0x00, 0x00, 0x00, 0x00, 0x00, 
	0x02, 0x40, 0x00, 0x00, 0x00, 0x00, 0x00, 0x00, 0x00, 0x00, 0x00, 0x00, 
	0x00, 0x00, 0x00, 0x00, 0x00, 0x00, 0x00, 0x00, 0x3E, 0x00, 0x00, 0x01, 
	0x15, 0x00, 0x00, 0x01, 0x48, 0x00, 0x00, 0x8D, 0xC2, 0x00, 0x00, 0x80, 
	0x43, 0x55, 0x15, 0x00, 0x22, 0x00, 0x10, 0x00, 0x00, 0x00, 0x00, 0x00, 
	0x46, 0x10, 0x10, 0x00, 0x02, 0x00, 0x00, 0x00, 0xC6, 0x79, 0x10, 0x00, 
	0x00, 0x00, 0x00, 0x00, 0x00, 0x60, 0x10, 0x00, 0x00, 0x00, 0x00, 0x00, 
	0x01, 0x40, 0x00, 0x00, 0x00, 0x00, 0x00, 0x00, 0x38, 0x00, 0x00, 0x07, 
	0x22, 0x00, 0x10, 0x00, 0x00, 0x00, 0x00, 0x00, 0x1A, 0x00, 0x10, 0x00, 
	0x00, 0x00, 0x00, 0x00, 0x3A, 0x10, 0x10, 0x00, 0x01, 0x00, 0x00, 0x00, 
	0x1D, 0x00, 0x00, 0x08, 0x42, 0x00, 0x10, 0x00, 0x00, 0x00, 0x00, 0x00, 
	0x0A, 0x80, 0x20, 0x00, 0x00, 0x00, 0x00, 0x00, 0x02, 0x00, 0x00, 0x00, 
	0x01, 0x40, 0x00, 0x00, 0x00, 0x00, 0x00, 0x3F, 0x00, 0x00, 0x00, 0x09, 
	0x32, 0x00, 0x10, 0x00, 0x01, 0x00, 0x00, 0x00, 0xE6, 0x8A, 0x20, 0x00, 
	0x00, 0x00, 0x00, 0x00, 0x00, 0x00, 0x00, 0x00, 0x46, 0x80, 0x20, 0x00, 
	0x00, 0x00, 0x00, 0x00, 0x00, 0x00, 0x00, 0x00, 0x00, 0x00, 0x00, 0x0A, 
	0xC2, 0x00, 0x10, 0x00, 0x01, 0x00, 0x00, 0x00, 0x06, 0x84, 0x20, 0x80, 
	0x41, 0x00, 0x00, 0x00, 0x00, 0x00, 0x00, 0x00, 0x00, 0x00, 0x00, 0x00, 
	0xA6, 0x8E, 0x20, 0x00, 0x00, 0x00, 0x00, 0x00, 0x00, 0x00, 0x00, 0x00, 
	0x38, 0x00, 0x00, 0x0A, 0x32, 0x00, 0x10, 0x00, 0x02, 0x00, 0x00, 0x00, 
	0xE6, 0x0A, 0x10, 0x00, 0x01, 0x00, 0x00, 0x00, 0x02, 0x40, 0x00, 0x00, 
	0x00, 0x00, 0x00, 0x3F, 0x00, 0x00, 0x00, 0x3F, 0x00, 0x00, 0x00, 0x00, 
	0x00, 0x00, 0x00, 0x00, 0x32, 0x00, 0x00, 0x0D, 0x32, 0x00, 0x10, 0x00, 
	0x01, 0x00, 0x00, 0x00, 0x46, 0x00, 0x10, 0x80, 0x41, 0x00, 0x00, 0x00, 
	0x01, 0x00, 0x00, 0x00, 0x02, 0x40, 0x00, 0x00, 0x00, 0x00, 0x00, 0x3F, 
	0x00, 0x00, 0x00, 0x3F, 0x00, 0x00, 0x00, 0x00, 0x00, 0x00, 0x00, 0x00, 
	0x46, 0x10, 0x10, 0x00, 0x00, 0x00, 0x00, 0x00, 0x33, 0x00, 0x00, 0x07, 
	0x82, 0x00, 0x10, 0x00, 0x00, 0x00, 0x00, 0x00, 0x1A, 0x00, 0x10, 0x00, 
	0x02, 0x00, 0x00, 0x00, 0x0A, 0x00, 0x10, 0x00, 0x02, 0x00, 0x00, 0x00, 
	0x33, 0x00, 0x00, 0x08, 0xF2, 0x00, 0x10, 0x00, 0x02, 0x00, 0x00, 0x00, 
	0xF6, 0x0F, 0x10, 0x00, 0x00, 0x00, 0x00, 0x00, 0x46, 0x8E, 0x20, 0x00, 
	0x00, 0x00, 0x00, 0x00, 0x01, 0x00, 0x00, 0x00, 0x1D, 0x00, 0x00, 0x0A, 
	0x32, 0x00, 0x10, 0x00, 0x03, 0x00, 0x00, 0x00, 0x46, 0x00, 0x10, 0x00, 
	0x01, 0x00, 0x00, 0x00, 0x02, 0x40, 0x00, 0x00, 0x00, 0x00, 0x00, 0x00, 
	0x00, 0x00, 0x00, 0x00, 0x00, 0x00, 0x00, 0x00, 0x00, 0x00, 0x00, 0x00, 
	0x01, 0x00, 0x00, 0x0A, 0x32, 0x00, 0x10, 0x00, 0x03, 0x00, 0x00, 0x00, 
	0x46, 0x00, 0x10, 0x00, 0x03, 0x00, 0x00, 0x00, 0x02, 0x40, 0x00, 0x00, 
	0x00, 0x00, 0x80, 0x3F, 0x00, 0x00, 0x80, 0x3F, 0x00, 0x00, 0x00, 0x00, 
	0x00, 0x00, 0x00, 0x00, 0x00, 0x00, 0x00, 0x08, 0x32, 0x00, 0x10, 0x00, 
	0x02, 0x00, 0x00, 0x00, 0xB6, 0x0F, 0x10, 0x80, 0x41, 0x00, 0x00, 0x00, 
	0x02, 0x00, 0x00, 0x00, 0x46, 0x00, 0x10, 0x00, 0x02, 0x00, 0x00, 0x00, 
	0x32, 0x00, 0x00, 0x09, 0x32, 0x00, 0x10, 0x00, 0x02, 0x00, 0x00, 0x00, 
	0x06, 0x00, 0x10, 0x00, 0x03, 0x00, 0x00, 0x00, 0x46, 0x00, 0x10, 0x00, 
	0x02, 0x00, 0x00, 0x00, 0xB6, 0x0F, 0x10, 0x00, 0x02, 0x00, 0x00, 0x00, 
	0x00, 0x00, 0x00, 0x08, 0x82, 0x00, 0x10, 0x00, 0x00, 0x00, 0x00, 0x00, 
	0x0A, 0x00, 0x10, 0x80, 0x41, 0x00, 0x00, 0x00, 0x02, 0x00, 0x00, 0x00, 
	0x1A, 0x00, 0x10, 0x00, 0x02, 0x00, 0x00, 0x00, 0x32, 0x00, 0x00, 0x09, 
	0x82, 0x00, 0x10, 0x00, 0x00, 0x00, 0x00, 0x00, 0x1A, 0x00, 0x10, 0x00, 
	0x03, 0x00, 0x00, 0x00, 0x3A, 0x00, 0x10, 0x00, 0x00, 0x00, 0x00, 0x00, 
	0x0A, 0x00, 0x10, 0x00, 0x02, 0x00, 0x00, 0x00, 0x32, 0x00, 0x00, 0x0E, 
	0x32, 0x00, 0x10, 0x00, 0x01, 0x00, 0x00, 0x00, 0xE6, 0x0A, 0x10, 0x80, 
	0x41, 0x00, 0x00, 0x00, 0x01, 0x00, 0x00, 0x00, 0x02, 0x40, 0x00, 0x00, 
	0x00, 0x00, 0x00, 0x3F, 0x00, 0x00, 0x00, 0x3F, 0x00, 0x00, 0x00, 0x00, 
	0x00, 0x00, 0x00, 0x00, 0x46, 0x00, 0x10, 0x80, 0x81, 0x00, 0x00, 0x00, 
	0x01, 0x00, 0x00, 0x00, 0x34, 0x00, 0x00, 0x07, 0x42, 0x00, 0x10, 0x00, 
	0x01, 0x00, 0x00, 0x00, 0x1A, 0x00, 0x10, 0x00, 0x01, 0x00, 0x00, 0x00, 
	0x0A, 0x00, 0x10, 0x00, 0x01, 0x00, 0x00, 0x00, 0x31, 0x00, 0x00, 0x07, 
	0x82, 0x00, 0x10, 0x00, 0x01, 0x00, 0x00, 0x00, 0x01, 0x40, 0x00, 0x00, 
	0x6F, 0x12, 0x83, 0x3A, 0x3A, 0x00, 0x10, 0x00, 0x00, 0x00, 0x00, 0x00, 
	0x00, 0x00, 0x00, 0x07, 0x32, 0x00, 0x10, 0x00, 0x01, 0x00, 0x00, 0x00, 
	0xF6, 0x0F, 0x10, 0x00, 0x00, 0x00, 0x00, 0x00, 0x46, 0x00, 0x10, 0x00, 
	0x01, 0x00, 0x00, 0x00, 0x34, 0x00, 0x00, 0x07, 0x12, 0x00, 0x10, 0x00, 
	0x02, 0x00, 0x00, 0x00, 0x1A, 0x00, 0x10, 0x00, 0x01, 0x00, 0x00, 0x00, 
	0x0A, 0x00, 0x10, 0x00, 0x01, 0x00, 0x00, 0x00, 0x33, 0x00, 0x00, 0x07, 
	0x12, 0x00, 0x10, 0x00, 0x02, 0x00, 0x00, 0x00, 0x0A, 0x00, 0x10, 0x00, 
	0x02, 0x00, 0x00, 0x00, 0x01, 0x40, 0x00, 0x00, 0x00, 0x00, 0x00, 0x00, 
	0x34, 0x00, 0x00, 0x0A, 0x32, 0x00, 0x10, 0x00, 0x01, 0x00, 0x00, 0x00, 
	0x46, 0x00, 0x10, 0x00, 0x01, 0x00, 0x00, 0x00, 0x02, 0x40, 0x00, 0x00, 
	0x00, 0x00, 0x00, 0x00, 0x00, 0x00, 0x00, 0x00, 0x00, 0x00, 0x00, 0x00, 
	0x00, 0x00, 0x00, 0x00, 0x0F, 0x00, 0x00, 0x07, 0x12, 0x00, 0x10, 0x00, 
	0x01, 0x00, 0x00, 0x00, 0x46, 0x00, 0x10, 0x00, 0x01, 0x00, 0x00, 0x00, 
	0x46, 0x00, 0x10, 0x00, 0x01, 0x00, 0x00, 0x00, 0x4B, 0x00, 0x00, 0x05, 
	0x12, 0x00, 0x10, 0x00, 0x01, 0x00, 0x00, 0x00, 0x0A, 0x00, 0x10, 0x00, 
	0x01, 0x00, 0x00, 0x00, 0x00, 0x00, 0x00, 0x07, 0x12, 0x00, 0x10, 0x00, 
	0x01, 0x00, 0x00, 0x00, 0x0A, 0x00, 0x10, 0x00, 0x01, 0x00, 0x00, 0x00, 
	0x0A, 0x00, 0x10, 0x00, 0x02, 0x00, 0x00, 0x00, 0x00, 0x00, 0x00, 0x08, 
	0x82, 0x00, 0x10, 0x00, 0x00, 0x00, 0x00, 0x00, 0x3A, 0x00, 0x10, 0x80, 
	0x41, 0x00, 0x00, 0x00, 0x00, 0x00, 0x00, 0x00, 0x0A, 0x00, 0x10, 0x00, 
	0x01, 0x00, 0x00, 0x00, 0x37, 0x00, 0x00, 0x09, 0x82, 0x00, 0x10, 0x00, 
	0x00, 0x00, 0x00, 0x00, 0x3A, 0x00, 0x10, 0x00, 0x01, 0x00, 0x00, 0x00, 
	0x3A, 0x00, 0x10, 0x00, 0x00, 0x00, 0x00, 0x00, 0x2A, 0x00, 0x10, 0x00, 
	0x01, 0x00, 0x00, 0x00, 0x00, 0x20, 0x00, 0x08, 0x82, 0x00, 0x10, 0x00, 
	0x00, 0x00, 0x00, 0x00, 0x3A, 0x00, 0x10, 0x80, 0x41, 0x00, 0x00, 0x00, 
	0x00, 0x00, 0x00, 0x00, 0x01, 0x40, 0x00, 0x00, 0x00, 0x00, 0x00, 0x3F, 
	0x37, 0x00, 0x00, 0x09, 0x42, 0x00, 0x10, 0x00, 0x00, 0x00, 0x00, 0x00, 
	0x2A, 0x00, 0x10, 0x00, 0x00, 0x00, 0x00, 0x00, 0x3A, 0x00, 0x10, 0x00, 
	0x00, 0x00, 0x00, 0x00, 0x01, 0x40, 0x00, 0x00, 0x00, 0x00, 0x80, 0x3F, 
	0x38, 0x00, 0x00, 0x07, 0x82, 0x20, 0x10, 0x00, 0x00, 0x00, 0x00, 0x00, 
	0x2A, 0x00, 0x10, 0x00, 0x00, 0x00, 0x00, 0x00, 0x1A, 0x00, 0x10, 0x00, 
	0x00, 0x00, 0x00, 0x00, 0x36, 0x00, 0x00, 0x05, 0x72, 0x20, 0x10, 0x00, 
	0x00, 0x00, 0x00, 0x00, 0x46, 0x12, 0x10, 0x00, 0x01, 0x00, 0x00, 0x00, 
	0x3E, 0x00, 0x00, 0x01, 0x15, 0x00, 0x00, 0x01, 0x38, 0x00, 0x00, 0x07, 
	0x22, 0x00, 0x10, 0x00, 0x00, 0x00, 0x00, 0x00, 0x0A, 0x10, 0x10, 0x00, 
	0x03, 0x00, 0x00, 0x00, 0x01, 0x40, 0x00, 0x00, 0x00, 0x00, 0x00, 0x3F, 
	0x34, 0x00, 0x00, 0x07, 0x22, 0x00, 0x10, 0x00, 0x00, 0x00, 0x00, 0x00, 
	0x1A, 0x00, 0x10, 0x00, 0x00, 0x00, 0x00, 0x00, 0x01, 0x40, 0x00, 0x00, 
	0xCD, 0xCC, 0xCC, 0x3D, 0x0F, 0x00, 0x00, 0x07, 0x22, 0x00, 0x10, 0x00, 
	0x00, 0x00, 0x00, 0x00, 0x56, 0x05, 0x10, 0x00, 0x00, 0x00, 0x00, 0x00, 
	0x56, 0x05, 0x10, 0x00, 0x00, 0x00, 0x00, 0x00, 0x28, 0x00, 0x00, 0x05, 
	0x42, 0x00, 0x10, 0x00, 0x00, 0x00, 0x00, 0x00, 0x0A, 0x00, 0x10, 0x00, 
	0x00, 0x00, 0x00, 0x00, 0x38, 0x00, 0x00, 0x07, 0x82, 0x00, 0x10, 0x00, 
	0x00, 0x00, 0x00, 0x00, 0x0A, 0x10, 0x10, 0x00, 0x03, 0x00, 0x00, 0x00, 
	0x0A, 0x10, 0x10, 0x00, 0x03, 0x00, 0x00, 0x00, 0x36, 0x00, 0x00, 0x08, 
	0x32, 0x00, 0x10, 0x00, 0x01, 0x00, 0x00, 0x00, 0x02, 0x40, 0x00, 0x00, 
	0x00, 0x00, 0x00, 0x00, 0x00, 0x00, 0x00, 0x00, 0x00, 0x00, 0x00, 0x00, 
	0x00, 0x00, 0x00, 0x00, 0x36, 0x00, 0x00, 0x05, 0x42, 0x00, 0x10, 0x00, 
	0x01, 0x00, 0x00, 0x00, 0x2A, 0x00, 0x10, 0x00, 0x00, 0x00, 0x00, 0x00, 
	0x30, 0x00, 0x00, 0x01, 0x22, 0x00, 0x00, 0x07, 0x82, 0x00, 0x10, 0x00, 
	0x01, 0x00, 0x00, 0x00, 0x0A, 0x00, 0x10, 0x00, 0x00, 0x00, 0x00, 0x00, 
	0x2A, 0x00, 0x10, 0x00, 0x01, 0x00, 0x00, 0x00, 0x03, 0x00, 0x04, 0x03, 
	0x3A, 0x00, 0x10, 0x00, 0x01, 0x00, 0x00, 0x00, 0x2B, 0x00, 0x00, 0x05, 
	0x82, 0x00, 0x10, 0x00, 0x01, 0x00, 0x00, 0x00, 0x2A, 0x00, 0x10, 0x00, 
	0x01, 0x00, 0x00, 0x00, 0x38, 0x00, 0x00, 0x07, 0x12, 0x00, 0x10, 0x00, 
	0x02, 0x00, 0x00, 0x00, 0x3A, 0x00, 0x10, 0x00, 0x01, 0x00, 0x00, 0x00, 
	0x1A, 0x10, 0x10, 0x00, 0x03, 0x00, 0x00, 0x00, 0x36, 0x00, 0x00, 0x05, 
	0x32, 0x00, 0x10, 0x00, 0x03, 0x00, 0x00, 0x00, 0x46, 0x00, 0x10, 0x00, 
	0x01, 0x00, 0x00, 0x00, 0x36, 0x00, 0x00, 0x05, 0x42, 0x00, 0x10, 0x00, 
	0x03, 0x00, 0x00, 0x00, 0x2A, 0x00, 0x10, 0x00, 0x00, 0x00, 0x00, 0x00, 
	0x30, 0x00, 0x00, 0x01, 0x22, 0x00, 0x00, 0x07, 0x82, 0x00, 0x10, 0x00, 
	0x01, 0x00, 0x00, 0x00, 0x0A, 0x00, 0x10, 0x00, 0x00, 0x00, 0x00, 0x00, 
	0x2A, 0x00, 0x10, 0x00, 0x03, 0x00, 0x00, 0x00, 0x03, 0x00, 0x04, 0x03, 
	0x3A, 0x00, 0x10, 0x00, 0x01, 0x00, 0x00, 0x00, 0x26, 0x00, 0x00, 0x08, 
	0x00, 0xD0, 0x00, 0x00, 0x82, 0x00, 0x10, 0x00, 0x01, 0x00, 0x00, 0x00, 
	0x2A, 0x00, 0x10, 0x00, 0x03, 0x00, 0x00, 0x00, 0x2A, 0x00, 0x10, 0x00, 
	0x03, 0x00, 0x00, 0x00, 0x23, 0x00, 0x00, 0x09, 0x82, 0x00, 0x10, 0x00, 
	0x01, 0x00, 0x00, 0x00, 0x2A, 0x00, 0x10, 0x00, 0x01, 0x00, 0x00, 0x00, 
	0x2A, 0x00, 0x10, 0x00, 0x01, 0x00, 0x00, 0x00, 0x3A, 0x00, 0x10, 0x00, 
	0x01, 0x00, 0x00, 0x00, 0x2B, 0x00, 0x00, 0x05, 0x82, 0x00, 0x10, 0x00, 
	0x01, 0x00, 0x00, 0x00, 0x3A, 0x00, 0x10, 0x00, 0x01, 0x00, 0x00, 0x00, 
	0x1D, 0x00, 0x00, 0x07, 0x42, 0x00, 0x10, 0x00, 0x02, 0x00, 0x00, 0x00, 
	0x3A, 0x00, 0x10, 0x00, 0x00, 0x00, 0x00, 0x00, 0x3A, 0x00, 0x10, 0x00, 
	0x01, 0x00, 0x00, 0x00, 0x1F, 0x00, 0x04, 0x03, 0x2A, 0x00, 0x10, 0x00, 
	0x02, 0x00, 0x00, 0x00, 0x2B, 0x00, 0x00, 0x05, 0x42, 0x00, 0x10, 0x00, 
	0x02, 0x00, 0x00, 0x00, 0x2A, 0x00, 0x10, 0x00, 0x03, 0x00, 0x00, 0x00, 
	0x38, 0x00, 0x00, 0x07, 0x22, 0x00, 0x10, 0x00, 0x02, 0x00, 0x00, 0x00, 
	0x2A, 0x00, 0x10, 0x00, 0x02, 0x00, 0x00, 0x00, 0x2A, 0x10, 0x10, 0x00, 
	0x03, 0x00, 0x00, 0x00, 0x00, 0x00, 0x00, 0x07, 0x62, 0x00, 0x10, 0x00, 
	0x02, 0x00, 0x00, 0x00, 0x06, 0x01, 0x10, 0x00, 0x02, 0x00, 0x00, 0x00, 
	0x06, 0x11, 0x10, 0x00, 0x02, 0x00, 0x00, 0x00, 0x0E, 0x00, 0x00, 0x08, 
	0x82, 0x00, 0x10, 0x00, 0x01, 0x00, 0x00, 0x00, 0x3A, 0x00, 0x10, 0x80, 
	0x41, 0x00, 0x00, 0x00, 0x01, 0x00, 0x00, 0x00, 0x1A, 0x00, 0x10, 0x00, 
	0x00, 0x00, 0x00, 0x00, 0x38, 0x00, 0x00, 0x07, 0x82, 0x00, 0x10, 0x00, 
	0x01, 0x00, 0x00, 0x00, 0x3A, 0x00, 0x10, 0x00, 0x01, 0x00, 0x00, 0x00, 
	0x01, 0x40, 0x00, 0x00, 0x3B, 0xAA, 0xB8, 0x3F, 0x19, 0x00, 0x00, 0x05, 
	0x82, 0x00, 0x10, 0x00, 0x01, 0x00, 0x00, 0x00, 0x3A, 0x00, 0x10, 0x00, 
	0x01, 0x00, 0x00, 0x00, 0x1D, 0x00, 0x00, 0x07, 0x32, 0x00, 0x10, 0x00, 
	0x04, 0x00, 0x00, 0x00, 0x96, 0x05, 0x10, 0x00, 0x02, 0x00, 0x00, 0x00, 
	0x46, 0x10, 0x10, 0x00, 0x04, 0x00, 0x00, 0x00, 0x1D, 0x00, 0x00, 0x07, 
	0xC2, 0x00, 0x10, 0x00, 0x04, 0x00, 0x00, 0x00, 0xA6, 0x1E, 0x10, 0x00, 
	0x04, 0x00, 0x00, 0x00, 0x56, 0x09, 0x10, 0x00, 0x02, 0x00, 0x00, 0x00, 
	0x01, 0x00, 0x00, 0x07, 0x82, 0x00, 0x10, 0x00, 0x02, 0x00, 0x00, 0x00, 
	0x2A, 0x00, 0x10, 0x00, 0x04, 0x00, 0x00, 0x00, 0x0A, 0x00, 0x10, 0x00, 
	0x04, 0x00, 0x00, 0x00, 0x01, 0x00, 0x00, 0x07, 0x82, 0x00, 0x10, 0x00, 
	0x02, 0x00, 0x00, 0x00, 0x1A, 0x00, 0x10, 0x00, 0x04, 0x00, 0x00, 0x00, 
	0x3A, 0x00, 0x10, 0x00, 0x02, 0x00, 0x00, 0x00, 0x01, 0x00, 0x00, 0x07, 
	0x82, 0x00, 0x10, 0x00, 0x02, 0x00, 0x00, 0x00, 0x3A, 0x00, 0x10, 0x00, 
	0x04, 0x00, 0x00, 0x00, 0x3A, 0x00, 0x10, 0x00, 0x02, 0x00, 0x00, 0x00, 
	0x1F, 0x00, 0x04, 0x03, 0x3A, 0x00, 0x10, 0x00, 0x02, 0x00, 0x00, 0x00, 
	0x48, 0x00, 0x00, 0x8D, 0xC2, 0x00, 0x00, 0x80, 0x43, 0x55, 0x15, 0x00, 
	0x22, 0x00, 0x10, 0x00, 0x02, 0x00, 0x00, 0x00, 0x96, 0x05, 0x10, 0x00, 
	0x02, 0x00, 0x00, 0x00, 0xC6, 0x79, 0x10, 0x00, 0x00, 0x00, 0x00, 0x00, 
	0x00, 0x60, 0x10, 0x00, 0x00, 0x00, 0x00, 0x00, 0x01, 0x40, 0x00, 0x00, 
	0x00, 0x00, 0x00, 0x00, 0x32, 0x00, 0x00, 0x09, 0x12, 0x00, 0x10, 0x00, 
	0x03, 0x00, 0x00, 0x00, 0x1A, 0x00, 0x10, 0x00, 0x02, 0x00, 0x00, 0x00, 
	0x3A, 0x00, 0x10, 0x00, 0x01, 0x00, 0x00, 0x00, 0x0A, 0x00, 0x10, 0x00, 
	0x03, 0x00, 0x00, 0x00, 0x15, 0x00, 0x00, 0x01, 0x00, 0x00, 0x00, 0x07, 
	0x22, 0x00, 0x10, 0x00, 0x03, 0x00, 0x00, 0x00, 0x3A, 0x00, 0x10, 0x00, 
	0x01, 0x00, 0x00, 0x00, 0x1A, 0x00, 0x10, 0x00, 0x03, 0x00, 0x00, 0x00, 
	0x15, 0x00, 0x00, 0x01, 0x1E, 0x00, 0x00, 0x07, 0x42, 0x00, 0x10, 0x00, 
	0x03, 0x00, 0x00, 0x00, 0x2A, 0x00, 0x10, 0x00, 0x03, 0x00, 0x00, 0x00, 
	0x01, 0x40, 0x00, 0x00, 0x01, 0x00, 0x00, 0x00, 0x16, 0x00, 0x00, 0x01, 
	0x36, 0x00, 0x00, 0x05, 0x32, 0x00, 0x10, 0x00, 0x01, 0x00, 0x00, 0x00, 
	0x46, 0x00, 0x10, 0x00, 0x03, 0x00, 0x00, 0x00, 0x1E, 0x00, 0x00, 0x07, 
	0x42, 0x00, 0x10, 0x00, 0x01, 0x00, 0x00, 0x00, 0x2A, 0x00, 0x10, 0x00, 
	0x01, 0x00, 0x00, 0x00, 0x01, 0x40, 0x00, 0x00, 0x01, 0x00, 0x00, 0x00, 
	0x16, 0x00, 0x00, 0x01, 0x31, 0x00, 0x00, 0x07, 0x12, 0x00, 0x10, 0x00, 
	0x00, 0x00, 0x00, 0x00, 0x01, 0x40, 0x00, 0x00, 0x00, 0x00, 0x00, 0x00, 
	0x1A, 0x00, 0x10, 0x00, 0x01, 0x00, 0x00, 0x00, 0x0E, 0x00, 0x00, 0x07, 
	0x22, 0x00, 0x10, 0x00, 0x00, 0x00, 0x00, 0x00, 0x0A, 0x00, 0x10, 0x00, 
	0x01, 0x00, 0x00, 0x00, 0x1A, 0x00, 0x10, 0x00, 0x01, 0x00, 0x00, 0x00, 
	0x01, 0x00, 0x00, 0x07, 0x12, 0x00, 0x10, 0x00, 0x00, 0x00, 0x00, 0x00, 
	0x1A, 0x00, 0x10, 0x00, 0x00, 0x00, 0x00, 0x00, 0x0A, 0x00, 0x10, 0x00, 
	0x00, 0x00, 0x00, 0x00, 0x38, 0x20, 0x00, 0x07, 0x12, 0x00, 0x10, 0x00, 
	0x00, 0x00, 0x00, 0x00, 0x0A, 0x00, 0x10, 0x00, 0x00, 0x00, 0x00, 0x00, 
	0x01, 0x40, 0x00, 0x00, 0x00, 0x00, 0xC0, 0x3F, 0x31, 0x00, 0x00, 0x07, 
	0x22, 0x00, 0x10, 0x00, 0x00, 0x00, 0x00, 0x00, 0x01, 0x40, 0x00, 0x00, 
	0x00, 0x00, 0x00, 0x3F, 0x3A, 0x10, 0x10, 0x00, 0x03, 0x00, 0x00, 0x00, 
	0x1F, 0x00, 0x04, 0x03, 0x1A, 0x00, 0x10, 0x00, 0x00, 0x00, 0x00, 0x00, 
	0x1D, 0x00, 0x00, 0x07, 0x62, 0x00, 0x10, 0x00, 0x00, 0x00, 0x00, 0x00, 
	0x06, 0x11, 0x10, 0x00, 0x02, 0x00, 0x00, 0x00, 0x06, 0x11, 0x10, 0x00, 
	0x04, 0x00, 0x00, 0x00, 0x1D, 0x00, 0x00, 0x07, 0x32, 0x00, 0x10, 0x00, 
	0x01, 0x00, 0x00, 0x00, 0xE6, 0x1A, 0x10, 0x00, 0x04, 0x00, 0x00, 0x00, 
	0x46, 0x10, 0x10, 0x00, 0x02, 0x00, 0x00, 0x00, 0x01, 0x00, 0x00, 0x07, 
	0x22, 0x00, 0x10, 0x00, 0x00, 0x00, 0x00, 0x00, 0x1A, 0x00, 0x10, 0x00, 
	0x00, 0x00, 0x00, 0x00, 0x0A, 0x00, 0x10, 0x00, 0x01, 0x00, 0x00, 0x00, 
	0x01, 0x00, 0x00, 0x07, 0x22, 0x00, 0x10, 0x00, 0x00, 0x00, 0x00, 0x00, 
	0x2A, 0x00, 0x10, 0x00, 0x00, 0x00, 0x00, 0x00, 0x1A, 0x00, 0x10, 0x00, 
	0x00, 0x00, 0x00, 0x00, 0x01, 0x00, 0x00, 0x07, 0x22, 0x00, 0x10, 0x00, 
	0x00, 0x00, 0x00, 0x00, 0x1A, 0x00, 0x10, 0x00, 0x01, 0x00, 0x00, 0x00, 
	0x1A, 0x00, 0x10, 0x00, 0x00, 0x00, 0x00, 0x00, 0x1F, 0x00, 0x04, 0x03, 
	0x1A, 0x00, 0x10, 0x00, 0x00, 0x00, 0x00, 0x00, 0x48, 0x00, 0x00, 0x8D, 
	0xC2, 0x00, 0x00, 0x80, 0x43, 0x55, 0x15, 0x00, 0x22, 0x00, 0x10, 0x00, 
	0x00, 0x00, 0x00, 0x00, 0x46, 0x10, 0x10, 0x00, 0x02, 0x00, 0x00, 0x00, 
	0xC6, 0x79, 0x10, 0x00, 0x00, 0x00, 0x00, 0x00, 0x00, 0x60, 0x10, 0x00, 
	0x00, 0x00, 0x00, 0x00, 0x01, 0x40, 0x00, 0x00, 0x00, 0x00, 0x00, 0x00, 
	0x00, 0x20, 0x00, 0x08, 0x22, 0x00, 0x10, 0x00, 0x00, 0x00, 0x00, 0x00, 
	0x1A, 0x00, 0x10, 0x80, 0x41, 0x00, 0x00, 0x00, 0x00, 0x00, 0x00, 0x00, 
	0x01, 0x40, 0x00, 0x00, 0x00, 0x00, 0x80, 0x3F, 0x38, 0x00, 0x00, 0x07, 
	0x12, 0x00, 0x10, 0x00, 0x00, 0x00, 0x00, 0x00, 0x1A, 0x00, 0x10, 0x00, 
	0x00, 0x00, 0x00, 0x00, 0x0A, 0x00, 0x10, 0x00, 0x00, 0x00, 0x00, 0x00, 
	0x15, 0x00, 0x00, 0x01, 0x15, 0x00, 0x00, 0x01, 0x38, 0x00, 0x00, 0x07, 
	0x12, 0x00, 0x10, 0x00, 0x00, 0x00, 0x00, 0x00, 0x0A, 0x00, 0x10, 0x00, 
	0x00, 0x00, 0x00, 0x00, 0x3A, 0x10, 0x10, 0x00, 0x01, 0x00, 0x00, 0x00, 
	0x1D, 0x00, 0x00, 0x08, 0x22, 0x00, 0x10, 0x00, 0x00, 0x00, 0x00, 0x00, 
	0x0A, 0x80, 0x20, 0x00, 0x00, 0x00, 0x00, 0x00, 0x02, 0x00, 0x00, 0x00, 
	0x01, 0x40, 0x00, 0x00, 0x00, 0x00, 0x00, 0x3F, 0x00, 0x00, 0x00, 0x09, 
	0xC2, 0x00, 0x10, 0x00, 0x00, 0x00, 0x00, 0x00, 0xA6, 0x8E, 0x20, 0x00, 
	0x00, 0x00, 0x00, 0x00, 0x00, 0x00, 0x00, 0x00, 0x06, 0x84, 0x20, 0x00, 
	0x00, 0x00, 0x00, 0x00, 0x00, 0x00, 0x00, 0x00, 0x00, 0x00, 0x00, 0x0A, 
	0x32, 0x00, 0x10, 0x00, 0x01, 0x00, 0x00, 0x00, 0x46, 0x80, 0x20, 0x80, 
	0x41, 0x00, 0x00, 0x00, 0x00, 0x00, 0x00, 0x00, 0x00, 0x00, 0x00, 0x00, 
	0xE6, 0x8A, 0x20, 0x00, 0x00, 0x00, 0x00, 0x00, 0x00, 0x00, 0x00, 0x00, 
	0x38, 0x00, 0x00, 0x0A, 0xC2, 0x00, 0x10, 0x00, 0x01, 0x00, 0x00, 0x00, 
	0x06, 0x04, 0x10, 0x00, 0x01, 0x00, 0x00, 0x00, 0x02, 0x40, 0x00, 0x00, 
	0x00, 0x00, 0x00, 0x00, 0x00, 0x00, 0x00, 0x00, 0x00, 0x00, 0x00, 0x3F, 
	0x00, 0x00, 0x00, 0x3F, 0x32, 0x00, 0x00, 0x0D, 0xC2, 0x00, 0x10, 0x00, 
	0x00, 0x00, 0x00, 0x00, 0xA6, 0x0E, 0x10, 0x80, 0x41, 0x00, 0x00, 0x00, 
	0x00, 0x00, 0x00, 0x00, 0x02, 0x40, 0x00, 0x00, 0x00, 0x00, 0x00, 0x00, 
	0x00, 0x00, 0x00, 0x00, 0x00, 0x00, 0x00, 0x3F, 0x00, 0x00, 0x00, 0x3F, 
	0x06, 0x14, 0x10, 0x00, 0x00, 0x00, 0x00, 0x00, 0x33, 0x00, 0x00, 0x07, 
	0x42, 0x00, 0x10, 0x00, 0x01, 0x00, 0x00, 0x00, 0x3A, 0x00, 0x10, 0x00, 
	0x01, 0x00, 0x00, 0x00, 0x2A, 0x00, 0x10, 0x00, 0x01, 0x00, 0x00, 0x00, 
	0x33, 0x00, 0x00, 0x08, 0xF2, 0x00, 0x10, 0x00, 0x02, 0x00, 0x00, 0x00, 
	0xA6, 0x0A, 0x10, 0x00, 0x01, 0x00, 0x00, 0x00, 0x46, 0x8E, 0x20, 0x00, 
	0x00, 0x00, 0x00, 0x00, 0x01, 0x00, 0x00, 0x00, 0x1D, 0x00, 0x00, 0x0A, 
	0xC2, 0x00, 0x10, 0x00, 0x01, 0x00, 0x00, 0x00, 0xA6, 0x0E, 0x10, 0x00, 
	0x00, 0x00, 0x00, 0x00, 0x02, 0x40, 0x00, 0x00, 0x00, 0x00, 0x00, 0x00, 
	0x00, 0x00, 0x00, 0x00, 0x00, 0x00, 0x00, 0x00, 0x00, 0x00, 0x00, 0x00, 
	0x01, 0x00, 0x00, 0x0A, 0xC2, 0x00, 0x10, 0x00, 0x01, 0x00, 0x00, 0x00, 
	0xA6, 0x0E, 0x10, 0x00, 0x01, 0x00, 0x00, 0x00, 0x02, 0x40, 0x00, 0x00, 
	0x00, 0x00, 0x00, 0x00, 0x00, 0x00, 0x00, 0x00, 0x00, 0x00, 0x80, 0x3F, 
	0x00, 0x00, 0x80, 0x3F, 0x00, 0x00, 0x00, 0x08, 0x32, 0x00, 0x10, 0x00, 
	0x02, 0x00, 0x00, 0x00, 0xB6, 0x0F, 0x10, 0x80, 0x41, 0x00, 0x00, 0x00, 
	0x02, 0x00, 0x00, 0x00, 0x46, 0x00, 0x10, 0x00, 0x02, 0x00, 0x00, 0x00, 
	0x32, 0x00, 0x00, 0x09, 0x32, 0x00, 0x10, 0x00, 0x02, 0x00, 0x00, 0x00, 
	0xA6, 0x0A, 0x10, 0x00, 0x01, 0x00, 0x00, 0x00, 0x46, 0x00, 0x10, 0x00, 
	0x02, 0x00, 0x00, 0x00, 0xB6, 0x0F, 0x10, 0x00, 0x02, 0x00, 0x00, 0x00, 
	0x00, 0x00, 0x00, 0x08, 0x42, 0x00, 0x10, 0x00, 0x01, 0x00, 0x00, 0x00, 
	0x0A, 0x00, 0x10, 0x80, 0x41, 0x00, 0x00, 0x00, 0x02, 0x00, 0x00, 0x00, 
	0x1A, 0x00, 0x10, 0x00, 0x02, 0x00, 0x00, 0x00, 0x32, 0x00, 0x00, 0x09, 
	0x42, 0x00, 0x10, 0x00, 0x01, 0x00, 0x00, 0x00, 0x3A, 0x00, 0x10, 0x00, 
	0x01, 0x00, 0x00, 0x00, 0x2A, 0x00, 0x10, 0x00, 0x01, 0x00, 0x00, 0x00, 
	0x0A, 0x00, 0x10, 0x00, 0x02, 0x00, 0x00, 0x00, 0x32, 0x00, 0x00, 0x0E, 
	0xC2, 0x00, 0x10, 0x00, 0x00, 0x00, 0x00, 0x00, 0x06, 0x04, 0x10, 0x80, 
	0x41, 0x00, 0x00, 0x00, 0x01, 0x00, 0x00, 0x00, 0x02, 0x40, 0x00, 0x00, 
	0x00, 0x00, 0x00, 0x00, 0x00, 0x00, 0x00, 0x00, 0x00, 0x00, 0x00, 0x3F, 
	0x00, 0x00, 0x00, 0x3F, 0xA6, 0x0E, 0x10, 0x80, 0x81, 0x00, 0x00, 0x00, 
	0x00, 0x00, 0x00, 0x00, 0x34, 0x00, 0x00, 0x07, 0x12, 0x00, 0x10, 0x00, 
	0x01, 0x00, 0x00, 0x00, 0x3A, 0x00, 0x10, 0x00, 0x00, 0x00, 0x00, 0x00, 
	0x2A, 0x00, 0x10, 0x00, 0x00, 0x00, 0x00, 0x00, 0x31, 0x00, 0x00, 0x07, 
	0x22, 0x00, 0x10, 0x00, 0x01, 0x00, 0x00, 0x00, 0x01, 0x40, 0x00, 0x00, 
	0x6F, 0x12, 0x83, 0x3A, 0x2A, 0x00, 0x10, 0x00, 0x01, 0x00, 0x00, 0x00, 
	0x00, 0x00, 0x00, 0x07, 0xC2, 0x00, 0x10, 0x00, 0x00, 0x00, 0x00, 0x00, 
	0xA6, 0x0A, 0x10, 0x00, 0x01, 0x00, 0x00, 0x00, 0xA6, 0x0E, 0x10, 0x00, 
	0x00, 0x00, 0x00, 0x00, 0x34, 0x00, 0x00, 0x07, 0x82, 0x00, 0x10, 0x00, 
	0x01, 0x00, 0x00, 0x00, 0x3A, 0x00, 0x10, 0x00, 0x00, 0x00, 0x00, 0x00, 
	0x2A, 0x00, 0x10, 0x00, 0x00, 0x00, 0x00, 0x00, 0x33, 0x00, 0x00, 0x07, 
	0x82, 0x00, 0x10, 0x00, 0x01, 0x00, 0x00, 0x00, 0x3A, 0x00, 0x10, 0x00, 
	0x01, 0x00, 0x00, 0x00, 0x01, 0x40, 0x00, 0x00, 0x00, 0x00, 0x00, 0x00, 
	0x34, 0x00, 0x00, 0x0A, 0xC2, 0x00, 0x10, 0x00, 0x00, 0x00, 0x00, 0x00, 
	0xA6, 0x0E, 0x10, 0x00, 0x00, 0x00, 0x00, 0x00, 0x02, 0x40, 0x00, 0x00, 
	0x00, 0x00, 0x00, 0x00, 0x00, 0x00, 0x00, 0x00, 0x00, 0x00, 0x00, 0x00, 
	0x00, 0x00, 0x00, 0x00, 0x0F, 0x00, 0x00, 0x07, 0x42, 0x00, 0x10, 0x00, 
	0x00, 0x00, 0x00, 0x00, 0xE6, 0x0A, 0x10, 0x00, 0x00, 0x00, 0x00, 0x00, 
	0xE6, 0x0A, 0x10, 0x00, 0x00, 0x00, 0x00, 0x00, 0x4B, 0x00, 0x00, 0x05, 
	0x42, 0x00, 0x10, 0x00, 0x00, 0x00, 0x00, 0x00, 0x2A, 0x00, 0x10, 0x00, 
	0x00, 0x00, 0x00, 0x00, 0x00, 0x00, 0x00, 0x07, 0x42, 0x00, 0x10, 0x00, 
	0x00, 0x00, 0x00, 0x00, 0x2A, 0x00, 0x10, 0x00, 0x00, 0x00, 0x00, 0x00, 
	0x3A, 0x00, 0x10, 0x00, 0x01, 0x00, 0x00, 0x00, 0x00, 0x00, 0x00, 0x08, 
	0x42, 0x00, 0x10, 0x00, 0x00, 0x00, 0x00, 0x00, 0x2A, 0x00, 0x10, 0x80, 
	0x41, 0x00, 0x00, 0x00, 0x01, 0x00, 0x00, 0x00, 0x2A, 0x00, 0x10, 0x00, 
	0x00, 0x00, 0x00, 0x00, 0x37, 0x00, 0x00, 0x09, 0x42, 0x00, 0x10, 0x00, 
	0x00, 0x00, 0x00, 0x00, 0x1A, 0x00, 0x10, 0x00, 0x01, 0x00, 0x00, 0x00, 
	0x2A, 0x00, 0x10, 0x00, 0x00, 0x00, 0x00, 0x00, 0x0A, 0x00, 0x10, 0x00, 
	0x01, 0x00, 0x00, 0x00, 0x00, 0x20, 0x00, 0x08, 0x42, 0x00, 0x10, 0x00, 
	0x00, 0x00, 0x00, 0x00, 0x2A, 0x00, 0x10, 0x80, 0x41, 0x00, 0x00, 0x00, 
	0x00, 0x00, 0x00, 0x00, 0x01, 0x40, 0x00, 0x00, 0x00, 0x00, 0x00, 0x3F, 
	0x37, 0x00, 0x00, 0x09, 0x22, 0x00, 0x10, 0x00, 0x00, 0x00, 0x00, 0x00, 
	0x1A, 0x00, 0x10, 0x00, 0x00, 0x00, 0x00, 0x00, 0x2A, 0x00, 0x10, 0x00, 
	0x00, 0x00, 0x00, 0x00, 0x01, 0x40, 0x00, 0x00, 0x00, 0x00, 0x80, 0x3F, 
	0x38, 0x00, 0x00, 0x07, 0x82, 0x20, 0x10, 0x00, 0x00, 0x00, 0x00, 0x00, 
	0x1A, 0x00, 0x10, 0x00, 0x00, 0x00, 0x00, 0x00, 0x0A, 0x00, 0x10, 0x00, 
	0x00, 0x00, 0x00, 0x00, 0x36, 0x00, 0x00, 0x05, 0x72, 0x20, 0x10, 0x00, 
	0x00, 0x00, 0x00, 0x00, 0x46, 0x12, 0x10, 0x00, 0x01, 0x00, 0x00, 0x00, 
	0x3E, 0x00, 0x00, 0x01, 0x53, 0x54, 0x41, 0x54, 0x94, 0x00, 0x00, 0x00, 
	0x8A, 0x00, 0x00, 0x00, 0x05, 0x00, 0x00, 0x00, 0x00, 0x00, 0x00, 0x00, 
	0x06, 0x00, 0x00, 0x00, 0x4E, 0x00, 0x00, 0x00, 0x08, 0x00, 0x00, 0x00, 
	0x0C, 0x00, 0x00, 0x00, 0x03, 0x00, 0x00, 0x00, 0x08, 0x00, 0x00, 0x00, 
	0x00, 0x00, 0x00, 0x00, 0x00, 0x00, 0x00, 0x00, 0x00, 0x00, 0x00, 0x00, 
	0x00, 0x00, 0x00, 0x00, 0x00, 0x00, 0x00, 0x00, 0x00, 0x00, 0x00, 0x00, 
	0x03, 0x00, 0x00, 0x00, 0x00, 0x00, 0x00, 0x00, 0x00, 0x00, 0x00, 0x00, 
	0x00, 0x00, 0x00, 0x00, 0x08, 0x00, 0x00, 0x00, 0x04, 0x00, 0x00, 0x00, 
	0x05, 0x00, 0x00, 0x00, 0x00, 0x00, 0x00, 0x00, 0x00, 0x00, 0x00, 0x00, 
	0x00, 0x00, 0x00, 0x00, 0x00, 0x00, 0x00, 0x00, 0x00, 0x00, 0x00, 0x00, 
	0x00, 0x00, 0x00, 0x00, 0x00, 0x00, 0x00, 0x00, 0x00, 0x00, 0x00, 0x00, 
	0x00, 0x00, 0x00, 0x00, 0x00, 0x00, 0x00, 0x00, 0x00, 0x00, 0x00, 0x00, 
	0x00, 0x00, 0x00, 0x00, 0x00, 0x00, 0x00, 0x00, 0x00, 0x00, 0x00, 0x00, 
	0x00, 0x00, 0x00, 0x00, 0x52, 0x54, 0x53, 0x30, 0x90, 0x00, 0x00, 0x00, 
	0x02, 0x00, 0x00, 0x00, 0x02, 0x00, 0x00, 0x00, 0x18, 0x00, 0x00, 0x00, 
	0x01, 0x00, 0x00, 0x00, 0x5C, 0x00, 0x00, 0x00, 0x01, 0x00, 0x00, 0x00, 
	0x01, 0x00, 0x00, 0x00, 0x05, 0x00, 0x00, 0x00, 0x30, 0x00, 0x00, 0x00, 
	0x00, 0x00, 0x00, 0x00, 0x05, 0x00, 0x00, 0x00, 0x3C, 0x00, 0x00, 0x00, 
	0x00, 0x00, 0x00, 0x00, 0x00, 0x00, 0x00, 0x00, 0x0C, 0x00, 0x00, 0x00, 
	0x01, 0x00, 0x00, 0x00, 0x44, 0x00, 0x00, 0x00, 0x00, 0x00, 0x00, 0x00, 
	0x01, 0x00, 0x00, 0x00, 0x00, 0x00, 0x00, 0x00, 0x00, 0x00, 0x00, 0x00, 
	0x00, 0x00, 0x00, 0x00, 0xFF, 0xFF, 0xFF, 0xFF, 0x15, 0x00, 0x00, 0x00, 
	0x03, 0x00, 0x00, 0x00, 0x03, 0x00, 0x00, 0x00, 0x03, 0x00, 0x00, 0x00, 
	0x00, 0x00, 0x00, 0x00, 0x10, 0x00, 0x00, 0x00, 0x04, 0x00, 0x00, 0x00, 
	0x02, 0x00, 0x00, 0x00, 0x00, 0x00, 0x00, 0x00, 0xFF, 0xFF, 0x7F, 0x7F, 
	0x00, 0x00, 0x00, 0x00, 0x00, 0x00, 0x00, 0x00, 0x05, 0x00, 0x00, 0x00
};

